CAMP_00001	ADV_0033,112,0,0,157.6200,0.0000,0.00,0.00,1.4073,0.0000,0.0000,-100.00
CAMP_00002	ADV_0181,97,0,0,136.0300,0.0000,0.00,0.00,1.4024,0.0000,0.0000,-100.00
CAMP_00003	ADV_0072,94,4,0,147.4700,0.0045,4.26,0.00,1.5688,36.8675,0.0000,-100.00
CAMP_00004	ADV_0021,98,1,0,159.0600,0.0027,1.02,0.00,1.6231,159.0600,0.0000,-100.00
CAMP_00005	ADV_0180,99,1,0,149.9400,0.0005,1.01,0.00,1.5145,149.9400,0.0000,-100.00
CAMP_00006	ADV_0152,100,1,0,145.0500,0.0010,1.00,0.00,1.4505,145.0500,0.0000,-100.00
CAMP_00007	ADV_0006,90,1,0,142.9700,0.0022,1.11,0.00,1.5886,142.9700,0.0000,-100.00
CAMP_00008	ADV_0057,95,1,0,148.5100,0.0015,1.05,0.00,1.5633,148.5100,0.0000,-100.00
CAMP_00009	ADV_0127,112,3,0,168.9900,0.0038,2.68,0.00,1.5088,56.3300,0.0000,-100.00
CAMP_00010	ADV_0111,92,2,1,151.4500,4.2199,2.17,50.00,1.6462,75.7250,151.4500,-97.21
CAMP_00011	ADV_0058,95,2,0,137.3600,0.0020,2.11,0.00,1.4459,68.6800,0.0000,-100.00
CAMP_00012	ADV_0059,112,3,1,170.4000,6.3681,2.68,33.33,1.5214,56.8000,170.4000,-96.26
CAMP_00013	ADV_0022,112,0,0,171.3900,0.0000,0.00,0.00,1.5303,0.0000,0.0000,-100.00
CAMP_00014	ADV_0015,105,0,0,161.3000,0.0000,0.00,0.00,1.5362,0.0000,0.0000,-100.00
CAMP_00015	ADV_0151,97,1,0,129.3400,0.0031,1.03,0.00,1.3334,129.3400,0.0000,-100.00
CAMP_00016	ADV_0193,107,4,0,176.0800,0.0054,3.74,0.00,1.6456,44.0200,0.0000,-100.00
CAMP_00017	ADV_0154,99,1,0,148.1600,0.0027,1.01,0.00,1.4966,148.1600,0.0000,-100.00
CAMP_00018	ADV_0006,102,0,0,145.0600,0.0000,0.00,0.00,1.4222,0.0000,0.0000,-100.00
CAMP_00019	ADV_0076,77,1,0,114.6300,0.0035,1.30,0.00,1.4887,114.6300,0.0000,-100.00
CAMP_00020	ADV_0161,106,3,1,151.0300,5.7224,2.83,33.33,1.4248,50.3433,151.0300,-96.21
CAMP_00021	ADV_0099,129,2,0,192.8600,0.0023,1.55,0.00,1.4950,96.4300,0.0000,-100.00
CAMP_00022	ADV_0086,108,0,0,160.0500,0.0000,0.00,0.00,1.4819,0.0000,0.0000,-100.00
CAMP_00023	ADV_0197,110,1,0,167.4700,0.0020,0.91,0.00,1.5225,167.4700,0.0000,-100.00
CAMP_00024	ADV_0134,108,2,0,160.9400,0.0021,1.85,0.00,1.4902,80.4700,0.0000,-100.00
CAMP_00025	ADV_0058,104,0,0,152.5700,0.0000,0.00,0.00,1.4670,0.0000,0.0000,-100.00
CAMP_00026	ADV_0148,96,1,0,156.1200,0.0028,1.04,0.00,1.6263,156.1200,0.0000,-100.00
CAMP_00027	ADV_0168,97,1,0,144.8800,0.0019,1.03,0.00,1.4936,144.8800,0.0000,-100.00
CAMP_00028	ADV_0194,109,4,1,157.7900,5.9950,3.67,25.00,1.4476,39.4475,157.7900,-96.20
CAMP_00029	ADV_0053,97,1,0,146.2900,0.0016,1.03,0.00,1.5081,146.2900,0.0000,-100.00
CAMP_00030	ADV_0049,111,0,0,165.6600,0.0000,0.00,0.00,1.4924,0.0000,0.0000,-100.00
CAMP_00031	ADV_0163,121,0,0,180.8700,0.0000,0.00,0.00,1.4948,0.0000,0.0000,-100.00
CAMP_00032	ADV_0156,92,1,0,142.6900,0.0035,1.09,0.00,1.5510,142.6900,0.0000,-100.00
CAMP_00033	ADV_0066,115,1,0,164.9300,0.0008,0.87,0.00,1.4342,164.9300,0.0000,-100.00
CAMP_00034	ADV_0112,96,0,0,138.8600,0.0000,0.00,0.00,1.4465,0.0000,0.0000,-100.00
CAMP_00035	ADV_0092,112,1,0,170.6100,0.0015,0.89,0.00,1.5233,170.6100,0.0000,-100.00
CAMP_00036	ADV_0180,109,6,0,161.8000,0.0069,5.50,0.00,1.4844,26.9667,0.0000,-100.00
CAMP_00037	ADV_0026,93,0,0,144.8100,0.0000,0.00,0.00,1.5571,0.0000,0.0000,-100.00
CAMP_00038	ADV_0188,107,3,0,160.6000,0.0060,2.80,0.00,1.5009,53.5333,0.0000,-100.00
CAMP_00039	ADV_0115,97,2,0,150.5700,0.0022,2.06,0.00,1.5523,75.2850,0.0000,-100.00
CAMP_00040	ADV_0159,103,1,0,154.9700,0.0015,0.97,0.00,1.5046,154.9700,0.0000,-100.00
CAMP_00041	ADV_0048,92,1,0,134.0500,0.0005,1.09,0.00,1.4571,134.0500,0.0000,-100.00
CAMP_00042	ADV_0014,109,1,0,158.2700,0.0014,0.92,0.00,1.4520,158.2700,0.0000,-100.00
CAMP_00043	ADV_0126,94,2,0,137.7300,0.0019,2.13,0.00,1.4652,68.8650,0.0000,-100.00
CAMP_00044	ADV_0120,94,1,0,144.4400,0.0010,1.06,0.00,1.5366,144.4400,0.0000,-100.00
CAMP_00045	ADV_0053,101,0,0,152.4500,0.0000,0.00,0.00,1.5094,0.0000,0.0000,-100.00
CAMP_00046	ADV_0066,122,1,0,188.5200,0.0012,0.82,0.00,1.5452,188.5200,0.0000,-100.00
CAMP_00047	ADV_0170,107,1,0,168.6900,0.0020,0.93,0.00,1.5765,168.6900,0.0000,-100.00
CAMP_00048	ADV_0096,103,2,1,161.8600,3.0405,1.94,50.00,1.5715,80.9300,161.8600,-98.12
CAMP_00049	ADV_0044,123,2,0,174.1700,0.0021,1.63,0.00,1.4160,87.0850,0.0000,-100.00
CAMP_00050	ADV_0200,89,1,0,141.4100,0.0007,1.12,0.00,1.5889,141.4100,0.0000,-100.00
CAMP_00051	ADV_0064,97,1,0,150.6100,0.0012,1.03,0.00,1.5527,150.6100,0.0000,-100.00
CAMP_00052	ADV_0085,103,1,0,157.0700,0.0029,0.97,0.00,1.5250,157.0700,0.0000,-100.00
CAMP_00053	ADV_0102,102,2,0,153.4900,0.0021,1.96,0.00,1.5048,76.7450,0.0000,-100.00
CAMP_00054	ADV_0013,107,1,0,161.2800,0.0013,0.93,0.00,1.5073,161.2800,0.0000,-100.00
CAMP_00055	ADV_0071,89,1,0,134.5800,0.0015,1.12,0.00,1.5121,134.5800,0.0000,-100.00
CAMP_00056	ADV_0031,105,0,0,154.5200,0.0000,0.00,0.00,1.4716,0.0000,0.0000,-100.00
CAMP_00057	ADV_0118,93,1,0,141.6100,0.0010,1.08,0.00,1.5227,141.6100,0.0000,-100.00
CAMP_00058	ADV_0084,89,3,0,148.0900,0.0093,3.37,0.00,1.6639,49.3633,0.0000,-99.99
CAMP_00059	ADV_0158,103,1,0,157.0800,0.0009,0.97,0.00,1.5250,157.0800,0.0000,-100.00
CAMP_00060	ADV_0118,111,5,2,167.4700,12.3416,4.50,40.00,1.5087,33.4940,83.7350,-92.63
CAMP_00061	ADV_0081,112,2,0,163.6700,0.0040,1.79,0.00,1.4613,81.8350,0.0000,-100.00
CAMP_00062	ADV_0024,110,4,0,172.1400,0.0076,3.64,0.00,1.5649,43.0350,0.0000,-100.00
CAMP_00063	ADV_0036,79,1,1,113.1000,2.9754,1.27,100.00,1.4316,113.1000,113.1000,-97.37
CAMP_00064	ADV_0161,96,3,0,145.0300,0.0030,3.13,0.00,1.5107,48.3433,0.0000,-100.00
CAMP_00065	ADV_0149,103,4,0,163.5100,0.0075,3.88,0.00,1.5875,40.8775,0.0000,-100.00
CAMP_00066	ADV_0013,92,2,0,144.0500,0.0013,2.17,0.00,1.5658,72.0250,0.0000,-100.00
CAMP_00067	ADV_0132,110,6,0,156.6200,0.0085,5.45,0.00,1.4238,26.1033,0.0000,-99.99
CAMP_00068	ADV_0076,80,0,0,106.2300,0.0000,0.00,0.00,1.3279,0.0000,0.0000,-100.00
CAMP_00069	ADV_0095,107,3,0,156.3200,0.0039,2.80,0.00,1.4609,52.1067,0.0000,-100.00
CAMP_00070	ADV_0036,130,1,0,184.8000,0.0012,0.77,0.00,1.4215,184.8000,0.0000,-100.00
CAMP_00071	ADV_0009,108,2,0,164.8800,0.0049,1.85,0.00,1.5267,82.4400,0.0000,-100.00
CAMP_00072	ADV_0116,92,0,0,136.9700,0.0000,0.00,0.00,1.4888,0.0000,0.0000,-100.00
CAMP_00073	ADV_0061,97,1,0,151.0100,0.0013,1.03,0.00,1.5568,151.0100,0.0000,-100.00
CAMP_00074	ADV_0081,93,1,0,136.0800,0.0012,1.08,0.00,1.4632,136.0800,0.0000,-100.00
CAMP_00075	ADV_0179,124,3,0,193.2200,0.0053,2.42,0.00,1.5582,64.4067,0.0000,-100.00
CAMP_00076	ADV_0144,92,1,0,151.4200,0.0030,1.09,0.00,1.6459,151.4200,0.0000,-100.00
CAMP_00077	ADV_0052,115,2,0,170.2600,0.0035,1.74,0.00,1.4805,85.1300,0.0000,-100.00
CAMP_00078	ADV_0069,128,1,0,203.7300,0.0020,0.78,0.00,1.5916,203.7300,0.0000,-100.00
CAMP_00079	ADV_0014,88,3,0,131.1400,0.0032,3.41,0.00,1.4902,43.7133,0.0000,-100.00
CAMP_00080	ADV_0200,82,1,0,137.2900,0.0011,1.22,0.00,1.6743,137.2900,0.0000,-100.00
CAMP_00081	ADV_0098,130,1,0,189.6000,0.0020,0.77,0.00,1.4585,189.6000,0.0000,-100.00
CAMP_00082	ADV_0112,97,2,0,154.2300,0.0032,2.06,0.00,1.5900,77.1150,0.0000,-100.00
CAMP_00083	ADV_0030,110,0,0,182.5900,0.0000,0.00,0.00,1.6599,0.0000,0.0000,-100.00
CAMP_00084	ADV_0194,105,0,0,153.8800,0.0000,0.00,0.00,1.4655,0.0000,0.0000,-100.00
CAMP_00085	ADV_0100,91,0,0,122.7800,0.0000,0.00,0.00,1.3492,0.0000,0.0000,-100.00
CAMP_00086	ADV_0118,103,3,0,152.4200,0.0038,2.91,0.00,1.4798,50.8067,0.0000,-100.00
CAMP_00087	ADV_0053,107,2,0,137.4100,0.0028,1.87,0.00,1.2842,68.7050,0.0000,-100.00
CAMP_00088	ADV_0101,99,3,0,148.6500,0.0065,3.03,0.00,1.5015,49.5500,0.0000,-100.00
CAMP_00089	ADV_0064,90,1,0,135.9200,0.0014,1.11,0.00,1.5102,135.9200,0.0000,-100.00
CAMP_00090	ADV_0050,106,5,1,165.8300,4.1843,4.72,20.00,1.5644,33.1660,165.8300,-97.48
CAMP_00091	ADV_0057,84,3,0,124.1600,0.0043,3.57,0.00,1.4781,41.3867,0.0000,-100.00
CAMP_00092	ADV_0011,88,0,0,127.1800,0.0000,0.00,0.00,1.4452,0.0000,0.0000,-100.00
CAMP_00093	ADV_0089,79,2,0,122.1200,0.0035,2.53,0.00,1.5458,61.0600,0.0000,-100.00
CAMP_00094	ADV_0168,80,3,0,126.3800,0.0058,3.75,0.00,1.5797,42.1267,0.0000,-100.00
CAMP_00095	ADV_0164,101,1,0,148.2600,0.0033,0.99,0.00,1.4679,148.2600,0.0000,-100.00
CAMP_00096	ADV_0092,86,4,0,135.6100,0.0053,4.65,0.00,1.5769,33.9025,0.0000,-100.00
CAMP_00097	ADV_0185,101,0,0,147.6300,0.0000,0.00,0.00,1.4617,0.0000,0.0000,-100.00
CAMP_00098	ADV_0041,83,0,0,127.3000,0.0000,0.00,0.00,1.5337,0.0000,0.0000,-100.00
CAMP_00099	ADV_0185,96,2,0,141.9700,0.0051,2.08,0.00,1.4789,70.9850,0.0000,-100.00
CAMP_00100	ADV_0178,91,1,0,130.3400,0.0016,1.10,0.00,1.4323,130.3400,0.0000,-100.00
CAMP_00101	ADV_0041,104,2,0,151.3100,0.0014,1.92,0.00,1.4549,75.6550,0.0000,-100.00
CAMP_00102	ADV_0101,104,4,0,160.8100,0.0058,3.85,0.00,1.5462,40.2025,0.0000,-100.00
CAMP_00103	ADV_0041,129,6,0,195.3100,0.0107,4.65,0.00,1.5140,32.5517,0.0000,-99.99
CAMP_00104	ADV_0185,101,1,0,142.4400,0.0017,0.99,0.00,1.4103,142.4400,0.0000,-100.00
CAMP_00105	ADV_0185,100,2,1,137.4200,9.0444,2.00,50.00,1.3742,68.7100,137.4200,-93.42
CAMP_00106	ADV_0155,97,1,0,146.8000,0.0029,1.03,0.00,1.5134,146.8000,0.0000,-100.00
CAMP_00107	ADV_0141,98,1,0,159.3700,0.0027,1.02,0.00,1.6262,159.3700,0.0000,-100.00
CAMP_00108	ADV_0126,77,1,0,117.3600,0.0023,1.30,0.00,1.5242,117.3600,0.0000,-100.00
CAMP_00109	ADV_0125,111,3,0,161.1400,0.0042,2.70,0.00,1.4517,53.7133,0.0000,-100.00
CAMP_00110	ADV_0052,101,3,0,146.0200,0.0041,2.97,0.00,1.4457,48.6733,0.0000,-100.00
CAMP_00111	ADV_0041,97,2,0,141.4800,0.0028,2.06,0.00,1.4586,70.7400,0.0000,-100.00
CAMP_00112	ADV_0126,105,2,0,157.0500,0.0028,1.90,0.00,1.4957,78.5250,0.0000,-100.00
CAMP_00113	ADV_0130,100,2,0,143.4500,0.0025,2.00,0.00,1.4345,71.7250,0.0000,-100.00
CAMP_00114	ADV_0091,102,2,0,158.7200,0.0065,1.96,0.00,1.5561,79.3600,0.0000,-100.00
CAMP_00115	ADV_0152,99,1,0,144.7400,0.0009,1.01,0.00,1.4620,144.7400,0.0000,-100.00
CAMP_00116	ADV_0141,107,0,0,167.1700,0.0000,0.00,0.00,1.5623,0.0000,0.0000,-100.00
CAMP_00117	ADV_0157,89,0,0,131.5000,0.0000,0.00,0.00,1.4775,0.0000,0.0000,-100.00
CAMP_00118	ADV_0167,94,1,0,139.8200,0.0015,1.06,0.00,1.4874,139.8200,0.0000,-100.00
CAMP_00119	ADV_0010,101,2,0,136.6900,0.0023,1.98,0.00,1.3534,68.3450,0.0000,-100.00
CAMP_00120	ADV_0193,112,4,0,148.1700,0.0047,3.57,0.00,1.3229,37.0425,0.0000,-100.00
CAMP_00121	ADV_0190,98,2,0,137.9900,0.0053,2.04,0.00,1.4081,68.9950,0.0000,-100.00
CAMP_00122	ADV_0137,91,1,0,136.4400,0.0020,1.10,0.00,1.4993,136.4400,0.0000,-100.00
CAMP_00123	ADV_0113,115,2,0,176.1300,0.0013,1.74,0.00,1.5316,88.0650,0.0000,-100.00
CAMP_00124	ADV_0063,91,2,0,146.3500,0.0024,2.20,0.00,1.6082,73.1750,0.0000,-100.00
CAMP_00125	ADV_0060,108,3,0,159.9000,0.0052,2.78,0.00,1.4806,53.3000,0.0000,-100.00
CAMP_00126	ADV_0161,118,1,0,179.9500,0.0038,0.85,0.00,1.5250,179.9500,0.0000,-100.00
CAMP_00127	ADV_0057,97,3,0,139.5500,0.0051,3.09,0.00,1.4387,46.5167,0.0000,-100.00
CAMP_00128	ADV_0084,104,3,0,162.0200,0.0055,2.88,0.00,1.5579,54.0067,0.0000,-100.00
CAMP_00129	ADV_0043,91,3,1,135.4400,4.1407,3.30,33.33,1.4884,45.1467,135.4400,-96.94
CAMP_00130	ADV_0165,95,4,0,136.6500,0.0079,4.21,0.00,1.4384,34.1625,0.0000,-99.99
CAMP_00131	ADV_0009,115,1,0,168.4800,0.0010,0.87,0.00,1.4650,168.4800,0.0000,-100.00
CAMP_00132	ADV_0102,108,3,0,183.1800,0.0076,2.78,0.00,1.6961,61.0600,0.0000,-100.00
CAMP_00133	ADV_0196,99,3,1,138.9300,10.6989,3.03,33.33,1.4033,46.3100,138.9300,-92.30
CAMP_00134	ADV_0047,88,0,0,123.2300,0.0000,0.00,0.00,1.4003,0.0000,0.0000,-100.00
CAMP_00135	ADV_0143,107,2,0,156.0100,0.0024,1.87,0.00,1.4580,78.0050,0.0000,-100.00
CAMP_00136	ADV_0018,81,2,0,134.9000,0.0032,2.47,0.00,1.6654,67.4500,0.0000,-100.00
CAMP_00137	ADV_0096,90,1,0,133.4200,0.0019,1.11,0.00,1.4824,133.4200,0.0000,-100.00
CAMP_00138	ADV_0140,103,2,0,137.7800,0.0041,1.94,0.00,1.3377,68.8900,0.0000,-100.00
CAMP_00139	ADV_0151,79,3,0,116.4900,0.0081,3.80,0.00,1.4746,38.8300,0.0000,-99.99
CAMP_00140	ADV_0011,101,1,0,142.6000,0.0034,0.99,0.00,1.4119,142.6000,0.0000,-100.00
CAMP_00141	ADV_0010,102,1,0,138.8600,0.0013,0.98,0.00,1.3614,138.8600,0.0000,-100.00
CAMP_00142	ADV_0026,87,2,1,152.7200,6.7679,2.30,50.00,1.7554,76.3600,152.7200,-95.57
CAMP_00143	ADV_0124,98,2,0,139.2400,0.0020,2.04,0.00,1.4208,69.6200,0.0000,-100.00
CAMP_00144	ADV_0124,90,2,0,132.9400,0.0057,2.22,0.00,1.4771,66.4700,0.0000,-100.00
CAMP_00145	ADV_0002,90,1,0,144.1600,0.0017,1.11,0.00,1.6018,144.1600,0.0000,-100.00
CAMP_00146	ADV_0163,111,1,0,155.8500,0.0014,0.90,0.00,1.4041,155.8500,0.0000,-100.00
CAMP_00147	ADV_0106,99,0,0,147.2100,0.0000,0.00,0.00,1.4870,0.0000,0.0000,-100.00
CAMP_00148	ADV_0020,77,3,0,108.8100,0.0041,3.90,0.00,1.4131,36.2700,0.0000,-100.00
CAMP_00149	ADV_0140,82,0,0,123.2700,0.0000,0.00,0.00,1.5033,0.0000,0.0000,-100.00
CAMP_00150	ADV_0044,105,2,0,160.6000,0.0039,1.90,0.00,1.5295,80.3000,0.0000,-100.00
CAMP_00151	ADV_0090,78,3,0,117.6500,0.0056,3.85,0.00,1.5083,39.2167,0.0000,-100.00
CAMP_00152	ADV_0044,85,1,0,121.7100,0.0011,1.18,0.00,1.4319,121.7100,0.0000,-100.00
CAMP_00153	ADV_0069,109,1,0,149.9800,0.0013,0.92,0.00,1.3760,149.9800,0.0000,-100.00
CAMP_00154	ADV_0001,119,1,0,181.5900,0.0019,0.84,0.00,1.5260,181.5900,0.0000,-100.00
CAMP_00155	ADV_0168,95,4,0,140.9700,0.0052,4.21,0.00,1.4839,35.2425,0.0000,-100.00
CAMP_00156	ADV_0094,85,1,0,130.8200,0.0010,1.18,0.00,1.5391,130.8200,0.0000,-100.00
CAMP_00157	ADV_0171,92,5,0,132.3200,0.0066,5.43,0.00,1.4383,26.4640,0.0000,-100.00
CAMP_00158	ADV_0163,112,0,0,175.3400,0.0000,0.00,0.00,1.5655,0.0000,0.0000,-100.00
CAMP_00159	ADV_0151,109,5,0,165.5000,0.0075,4.59,0.00,1.5183,33.1000,0.0000,-100.00
CAMP_00160	ADV_0014,109,1,0,162.6000,0.0014,0.92,0.00,1.4917,162.6000,0.0000,-100.00
CAMP_00161	ADV_0196,111,2,0,151.2000,0.0026,1.80,0.00,1.3622,75.6000,0.0000,-100.00
CAMP_00162	ADV_0081,105,0,0,158.2400,0.0000,0.00,0.00,1.5070,0.0000,0.0000,-100.00
CAMP_00163	ADV_0132,95,1,0,146.7900,0.0014,1.05,0.00,1.5452,146.7900,0.0000,-100.00
CAMP_00164	ADV_0196,99,2,0,154.6300,0.0032,2.02,0.00,1.5619,77.3150,0.0000,-100.00
CAMP_00165	ADV_0192,91,0,0,148.0800,0.0000,0.00,0.00,1.6273,0.0000,0.0000,-100.00
CAMP_00166	ADV_0123,120,2,0,175.9500,0.0047,1.67,0.00,1.4663,87.9750,0.0000,-100.00
CAMP_00167	ADV_0079,97,1,0,156.8700,0.0012,1.03,0.00,1.6172,156.8700,0.0000,-100.00
CAMP_00168	ADV_0152,97,1,0,145.8300,0.0018,1.03,0.00,1.5034,145.8300,0.0000,-100.00
CAMP_00169	ADV_0149,78,2,0,106.7000,0.0026,2.56,0.00,1.3679,53.3500,0.0000,-100.00
CAMP_00170	ADV_0200,92,2,0,137.2900,0.0035,2.17,0.00,1.4923,68.6450,0.0000,-100.00
CAMP_00171	ADV_0046,111,3,1,166.6000,4.4508,2.70,33.33,1.5009,55.5333,166.6000,-97.33
CAMP_00172	ADV_0161,112,0,0,169.5500,0.0000,0.00,0.00,1.5138,0.0000,0.0000,-100.00
CAMP_00173	ADV_0141,117,1,0,165.1200,0.0028,0.85,0.00,1.4113,165.1200,0.0000,-100.00
CAMP_00174	ADV_0026,98,1,0,142.8200,0.0009,1.02,0.00,1.4573,142.8200,0.0000,-100.00
CAMP_00175	ADV_0064,108,3,1,167.3900,12.2581,2.78,33.33,1.5499,55.7967,167.3900,-92.68
CAMP_00176	ADV_0102,113,3,0,173.3400,0.0068,2.65,0.00,1.5340,57.7800,0.0000,-100.00
CAMP_00177	ADV_0192,110,1,0,157.5200,0.0009,0.91,0.00,1.4320,157.5200,0.0000,-100.00
CAMP_00178	ADV_0186,113,2,1,173.3600,8.3924,1.77,50.00,1.5342,86.6800,173.3600,-95.16
CAMP_00179	ADV_0084,95,1,0,148.0400,0.0013,1.05,0.00,1.5583,148.0400,0.0000,-100.00
CAMP_00180	ADV_0032,103,1,1,157.8800,3.4849,0.97,100.00,1.5328,157.8800,157.8800,-97.79
CAMP_00181	ADV_0083,92,2,0,142.2900,0.0035,2.17,0.00,1.5466,71.1450,0.0000,-100.00
CAMP_00182	ADV_0171,72,0,0,112.8300,0.0000,0.00,0.00,1.5671,0.0000,0.0000,-100.00
CAMP_00183	ADV_0117,109,1,0,161.2200,0.0011,0.92,0.00,1.4791,161.2200,0.0000,-100.00
CAMP_00184	ADV_0114,87,2,0,120.2400,0.0037,2.30,0.00,1.3821,60.1200,0.0000,-100.00
CAMP_00185	ADV_0198,95,1,0,130.2100,0.0008,1.05,0.00,1.3706,130.2100,0.0000,-100.00
CAMP_00186	ADV_0163,117,0,0,165.0100,0.0000,0.00,0.00,1.4103,0.0000,0.0000,-100.00
CAMP_00187	ADV_0049,85,0,0,121.9100,0.0000,0.00,0.00,1.4342,0.0000,0.0000,-100.00
CAMP_00188	ADV_0133,106,1,0,157.6900,0.0014,0.94,0.00,1.4876,157.6900,0.0000,-100.00
CAMP_00189	ADV_0186,113,4,0,171.0600,0.0069,3.54,0.00,1.5138,42.7650,0.0000,-100.00
CAMP_00190	ADV_0127,96,2,0,146.0900,0.0046,2.08,0.00,1.5218,73.0450,0.0000,-100.00
CAMP_00191	ADV_0030,85,1,0,116.2800,0.0007,1.18,0.00,1.3680,116.2800,0.0000,-100.00
CAMP_00192	ADV_0013,100,2,0,149.1400,0.0036,2.00,0.00,1.4914,74.5700,0.0000,-100.00
CAMP_00193	ADV_0160,102,1,1,161.3100,7.7229,0.98,100.00,1.5815,161.3100,161.3100,-95.21
CAMP_00194	ADV_0078,110,1,0,157.7000,0.0023,0.91,0.00,1.4336,157.7000,0.0000,-100.00
CAMP_00195	ADV_0003,98,0,0,145.0800,0.0000,0.00,0.00,1.4804,0.0000,0.0000,-100.00
CAMP_00196	ADV_0063,85,3,0,128.4900,0.0061,3.53,0.00,1.5116,42.8300,0.0000,-100.00
CAMP_00197	ADV_0129,90,1,0,131.1600,0.0016,1.11,0.00,1.4573,131.1600,0.0000,-100.00
CAMP_00198	ADV_0146,103,1,0,169.3600,0.0008,0.97,0.00,1.6443,169.3600,0.0000,-100.00
CAMP_00199	ADV_0059,92,1,0,147.0200,0.0015,1.09,0.00,1.5980,147.0200,0.0000,-100.00
CAMP_00200	ADV_0195,93,2,0,130.7200,0.0022,2.15,0.00,1.4056,65.3600,0.0000,-100.00
CAMP_00201	ADV_0021,97,3,1,150.2100,3.2692,3.09,33.33,1.5486,50.0700,150.2100,-97.82
CAMP_00202	ADV_0063,100,4,0,146.9000,0.0043,4.00,0.00,1.4690,36.7250,0.0000,-100.00
CAMP_00203	ADV_0128,81,1,0,107.6700,0.0013,1.23,0.00,1.3293,107.6700,0.0000,-100.00
CAMP_00204	ADV_0072,108,2,0,166.9900,0.0023,1.85,0.00,1.5462,83.4950,0.0000,-100.00
CAMP_00205	ADV_0117,90,1,0,125.2700,0.0006,1.11,0.00,1.3919,125.2700,0.0000,-100.00
CAMP_00206	ADV_0160,106,3,1,156.5900,2.4386,2.83,33.33,1.4773,52.1967,156.5900,-98.44
CAMP_00207	ADV_0093,103,1,0,144.5800,0.0008,0.97,0.00,1.4037,144.5800,0.0000,-100.00
CAMP_00208	ADV_0163,97,0,0,144.8700,0.0000,0.00,0.00,1.4935,0.0000,0.0000,-100.00
CAMP_00209	ADV_0132,85,1,0,138.3700,0.0007,1.18,0.00,1.6279,138.3700,0.0000,-100.00
CAMP_00210	ADV_0138,101,1,0,153.9300,0.0009,0.99,0.00,1.5241,153.9300,0.0000,-100.00
CAMP_00211	ADV_0129,99,1,0,143.6300,0.0014,1.01,0.00,1.4508,143.6300,0.0000,-100.00
CAMP_00212	ADV_0140,97,0,0,139.4800,0.0000,0.00,0.00,1.4379,0.0000,0.0000,-100.00
CAMP_00213	ADV_0147,88,4,0,134.7500,0.0081,4.55,0.00,1.5312,33.6875,0.0000,-99.99
CAMP_00214	ADV_0046,103,1,0,156.0000,0.0010,0.97,0.00,1.5146,156.0000,0.0000,-100.00
CAMP_00215	ADV_0190,101,2,0,162.6800,0.0041,1.98,0.00,1.6107,81.3400,0.0000,-100.00
CAMP_00216	ADV_0141,98,2,0,163.9800,0.0018,2.04,0.00,1.6733,81.9900,0.0000,-100.00
CAMP_00217	ADV_0182,92,0,0,144.7300,0.0000,0.00,0.00,1.5732,0.0000,0.0000,-100.00
CAMP_00218	ADV_0168,96,2,0,128.5400,0.0026,2.08,0.00,1.3390,64.2700,0.0000,-100.00
CAMP_00219	ADV_0003,101,3,0,139.2200,0.0031,2.97,0.00,1.3784,46.4067,0.0000,-100.00
CAMP_00220	ADV_0142,88,0,0,137.2800,0.0000,0.00,0.00,1.5600,0.0000,0.0000,-100.00
CAMP_00221	ADV_0148,88,1,0,114.1100,0.0012,1.14,0.00,1.2967,114.1100,0.0000,-100.00
CAMP_00222	ADV_0178,99,3,1,140.6900,7.1115,3.03,33.33,1.4211,46.8967,140.6900,-94.95
CAMP_00223	ADV_0120,103,2,0,147.2200,0.0038,1.94,0.00,1.4293,73.6100,0.0000,-100.00
CAMP_00224	ADV_0039,83,2,0,117.3200,0.0039,2.41,0.00,1.4135,58.6600,0.0000,-100.00
CAMP_00225	ADV_0091,99,1,0,130.9300,0.0027,1.01,0.00,1.3225,130.9300,0.0000,-100.00
CAMP_00226	ADV_0060,99,2,0,137.5600,0.0029,2.02,0.00,1.3895,68.7800,0.0000,-100.00
CAMP_00227	ADV_0138,96,1,0,154.8800,0.0010,1.04,0.00,1.6133,154.8800,0.0000,-100.00
CAMP_00228	ADV_0144,100,2,0,142.1100,0.0035,2.00,0.00,1.4211,71.0550,0.0000,-100.00
CAMP_00229	ADV_0053,80,2,1,119.0900,4.2061,2.50,50.00,1.4886,59.5450,119.0900,-96.47
CAMP_00230	ADV_0043,106,2,0,158.7300,0.0034,1.89,0.00,1.4975,79.3650,0.0000,-100.00
CAMP_00231	ADV_0039,91,4,1,135.6400,2.6126,4.40,25.00,1.4905,33.9100,135.6400,-98.07
CAMP_00232	ADV_0123,97,1,0,154.5600,0.0007,1.03,0.00,1.5934,154.5600,0.0000,-100.00
CAMP_00233	ADV_0073,97,2,0,139.9600,0.0055,2.06,0.00,1.4429,69.9800,0.0000,-100.00
CAMP_00234	ADV_0090,82,1,0,113.5600,0.0014,1.22,0.00,1.3849,113.5600,0.0000,-100.00
CAMP_00235	ADV_0057,100,2,0,151.7400,0.0040,2.00,0.00,1.5174,75.8700,0.0000,-100.00
CAMP_00236	ADV_0115,100,2,0,152.9800,0.0036,2.00,0.00,1.5298,76.4900,0.0000,-100.00
CAMP_00237	ADV_0137,86,0,0,122.7400,0.0000,0.00,0.00,1.4272,0.0000,0.0000,-100.00
CAMP_00238	ADV_0194,112,3,0,169.1400,0.0029,2.68,0.00,1.5102,56.3800,0.0000,-100.00
CAMP_00239	ADV_0146,107,1,0,171.8900,0.0030,0.93,0.00,1.6064,171.8900,0.0000,-100.00
CAMP_00240	ADV_0089,95,2,1,137.9700,6.5758,2.11,50.00,1.4523,68.9850,137.9700,-95.23
CAMP_00241	ADV_0123,110,2,0,155.1000,0.0019,1.82,0.00,1.4100,77.5500,0.0000,-100.00
CAMP_00242	ADV_0065,111,3,0,168.0400,0.0053,2.70,0.00,1.5139,56.0133,0.0000,-100.00
CAMP_00243	ADV_0032,100,2,1,145.0800,2.7330,2.00,50.00,1.4508,72.5400,145.0800,-98.12
CAMP_00244	ADV_0135,100,1,1,149.0900,1.6673,1.00,100.00,1.4909,149.0900,149.0900,-98.88
CAMP_00245	ADV_0122,110,1,0,151.6900,0.0014,0.91,0.00,1.3790,151.6900,0.0000,-100.00
CAMP_00246	ADV_0051,109,1,0,160.2400,0.0019,0.92,0.00,1.4701,160.2400,0.0000,-100.00
CAMP_00247	ADV_0086,85,0,0,124.9800,0.0000,0.00,0.00,1.4704,0.0000,0.0000,-100.00
CAMP_00248	ADV_0137,100,3,0,147.7800,0.0047,3.00,0.00,1.4778,49.2600,0.0000,-100.00
CAMP_00249	ADV_0034,88,2,0,127.6600,0.0030,2.27,0.00,1.4507,63.8300,0.0000,-100.00
CAMP_00250	ADV_0120,97,2,0,131.2000,0.0031,2.06,0.00,1.3526,65.6000,0.0000,-100.00
CAMP_00251	ADV_0033,94,1,0,139.1800,0.0023,1.06,0.00,1.4806,139.1800,0.0000,-100.00
CAMP_00252	ADV_0108,97,1,0,147.7100,0.0015,1.03,0.00,1.5228,147.7100,0.0000,-100.00
CAMP_00253	ADV_0083,107,0,0,155.6900,0.0000,0.00,0.00,1.4550,0.0000,0.0000,-100.00
CAMP_00254	ADV_0179,108,2,0,156.2800,0.0026,1.85,0.00,1.4470,78.1400,0.0000,-100.00
CAMP_00255	ADV_0081,97,2,0,128.0100,0.0023,2.06,0.00,1.3197,64.0050,0.0000,-100.00
CAMP_00256	ADV_0160,96,1,0,124.2000,0.0013,1.04,0.00,1.2938,124.2000,0.0000,-100.00
CAMP_00257	ADV_0050,110,0,0,165.1700,0.0000,0.00,0.00,1.5015,0.0000,0.0000,-100.00
CAMP_00258	ADV_0088,106,1,0,164.0300,0.0017,0.94,0.00,1.5475,164.0300,0.0000,-100.00
CAMP_00259	ADV_0068,100,1,0,155.6300,0.0024,1.00,0.00,1.5563,155.6300,0.0000,-100.00
CAMP_00260	ADV_0161,113,3,0,170.9100,0.0071,2.65,0.00,1.5125,56.9700,0.0000,-100.00
CAMP_00261	ADV_0142,107,0,0,172.5400,0.0000,0.00,0.00,1.6125,0.0000,0.0000,-100.00
CAMP_00262	ADV_0061,90,2,0,133.6800,0.0026,2.22,0.00,1.4853,66.8400,0.0000,-100.00
CAMP_00263	ADV_0001,85,4,0,119.9400,0.0062,4.71,0.00,1.4111,29.9850,0.0000,-99.99
CAMP_00264	ADV_0092,112,3,0,169.9800,0.0053,2.68,0.00,1.5177,56.6600,0.0000,-100.00
CAMP_00265	ADV_0091,110,1,0,165.0700,0.0011,0.91,0.00,1.5006,165.0700,0.0000,-100.00
CAMP_00266	ADV_0115,105,1,0,155.3300,0.0025,0.95,0.00,1.4793,155.3300,0.0000,-100.00
CAMP_00267	ADV_0028,90,0,0,143.8500,0.0000,0.00,0.00,1.5983,0.0000,0.0000,-100.00
CAMP_00268	ADV_0102,94,1,0,137.2000,0.0006,1.06,0.00,1.4596,137.2000,0.0000,-100.00
CAMP_00269	ADV_0166,96,3,0,145.0700,0.0022,3.13,0.00,1.5111,48.3567,0.0000,-100.00
CAMP_00270	ADV_0051,113,2,0,178.2400,0.0030,1.77,0.00,1.5773,89.1200,0.0000,-100.00
CAMP_00271	ADV_0074,96,2,0,123.2100,0.0020,2.08,0.00,1.2834,61.6050,0.0000,-100.00
CAMP_00272	ADV_0042,104,2,1,161.3800,5.0588,1.92,50.00,1.5517,80.6900,161.3800,-96.87
CAMP_00273	ADV_0199,106,1,0,155.2100,0.0005,0.94,0.00,1.4642,155.2100,0.0000,-100.00
CAMP_00274	ADV_0151,99,1,1,158.4600,7.8769,1.01,100.00,1.6006,158.4600,158.4600,-95.03
CAMP_00275	ADV_0159,102,4,0,154.8500,0.0039,3.92,0.00,1.5181,38.7125,0.0000,-100.00
CAMP_00276	ADV_0186,103,2,0,143.6900,0.0024,1.94,0.00,1.3950,71.8450,0.0000,-100.00
CAMP_00277	ADV_0169,113,4,0,152.5000,0.0060,3.54,0.00,1.3496,38.1250,0.0000,-100.00
CAMP_00278	ADV_0124,91,2,0,137.8800,0.0020,2.20,0.00,1.5152,68.9400,0.0000,-100.00
CAMP_00279	ADV_0023,104,4,0,167.9700,0.0078,3.85,0.00,1.6151,41.9925,0.0000,-100.00
CAMP_00280	ADV_0105,106,1,0,166.1400,0.0020,0.94,0.00,1.5674,166.1400,0.0000,-100.00
CAMP_00281	ADV_0097,118,2,0,186.5100,0.0015,1.69,0.00,1.5806,93.2550,0.0000,-100.00
CAMP_00282	ADV_0047,105,2,0,152.9900,0.0015,1.90,0.00,1.4570,76.4950,0.0000,-100.00
CAMP_00283	ADV_0101,103,2,0,157.5700,0.0024,1.94,0.00,1.5298,78.7850,0.0000,-100.00
CAMP_00284	ADV_0018,107,3,0,153.1800,0.0025,2.80,0.00,1.4316,51.0600,0.0000,-100.00
CAMP_00285	ADV_0003,84,4,1,125.4500,2.5317,4.76,25.00,1.4935,31.3625,125.4500,-97.98
CAMP_00286	ADV_0107,106,1,0,168.7700,0.0008,0.94,0.00,1.5922,168.7700,0.0000,-100.00
CAMP_00287	ADV_0095,99,1,0,141.9000,0.0024,1.01,0.00,1.4333,141.9000,0.0000,-100.00
CAMP_00288	ADV_0150,82,1,0,131.5300,0.0009,1.22,0.00,1.6040,131.5300,0.0000,-100.00
CAMP_00289	ADV_0179,103,0,0,148.1600,0.0000,0.00,0.00,1.4384,0.0000,0.0000,-100.00
CAMP_00290	ADV_0113,98,0,0,153.1600,0.0000,0.00,0.00,1.5629,0.0000,0.0000,-100.00
CAMP_00291	ADV_0097,108,2,0,158.9600,0.0032,1.85,0.00,1.4719,79.4800,0.0000,-100.00
CAMP_00292	ADV_0026,87,0,0,137.4500,0.0000,0.00,0.00,1.5799,0.0000,0.0000,-100.00
CAMP_00293	ADV_0193,85,2,0,133.4200,0.0015,2.35,0.00,1.5696,66.7100,0.0000,-100.00
CAMP_00294	ADV_0002,91,0,0,134.5000,0.0000,0.00,0.00,1.4780,0.0000,0.0000,-100.00
CAMP_00295	ADV_0112,116,2,0,170.4100,0.0032,1.72,0.00,1.4691,85.2050,0.0000,-100.00
CAMP_00296	ADV_0072,105,0,0,155.4900,0.0000,0.00,0.00,1.4809,0.0000,0.0000,-100.00
CAMP_00297	ADV_0118,117,4,0,158.6400,0.0048,3.42,0.00,1.3559,39.6600,0.0000,-100.00
CAMP_00298	ADV_0060,95,0,0,141.4600,0.0000,0.00,0.00,1.4891,0.0000,0.0000,-100.00
CAMP_00299	ADV_0101,105,2,0,151.8100,0.0039,1.90,0.00,1.4458,75.9050,0.0000,-100.00
CAMP_00300	ADV_0042,99,3,1,144.5200,5.2866,3.03,33.33,1.4598,48.1733,144.5200,-96.34
CAMP_00301	ADV_0021,80,1,0,114.5000,0.0023,1.25,0.00,1.4313,114.5000,0.0000,-100.00
CAMP_00302	ADV_0083,90,3,0,135.2700,0.0043,3.33,0.00,1.5030,45.0900,0.0000,-100.00
CAMP_00303	ADV_0029,99,0,0,145.1900,0.0000,0.00,0.00,1.4666,0.0000,0.0000,-100.00
CAMP_00304	ADV_0156,119,5,0,182.9000,0.0094,4.20,0.00,1.5370,36.5800,0.0000,-99.99
CAMP_00305	ADV_0174,93,2,1,130.1400,5.7490,2.15,50.00,1.3994,65.0700,130.1400,-95.58
CAMP_00306	ADV_0141,102,1,0,164.6300,0.0021,0.98,0.00,1.6140,164.6300,0.0000,-100.00
CAMP_00307	ADV_0194,103,3,0,154.9300,0.0062,2.91,0.00,1.5042,51.6433,0.0000,-100.00
CAMP_00308	ADV_0007,92,0,0,137.7400,0.0000,0.00,0.00,1.4972,0.0000,0.0000,-100.00
CAMP_00309	ADV_0152,105,3,0,158.8400,0.0038,2.86,0.00,1.5128,52.9467,0.0000,-100.00
CAMP_00310	ADV_0118,111,0,0,170.4200,0.0000,0.00,0.00,1.5353,0.0000,0.0000,-100.00
CAMP_00311	ADV_0056,102,2,0,159.8800,0.0049,1.96,0.00,1.5675,79.9400,0.0000,-100.00
CAMP_00312	ADV_0086,102,2,0,157.7000,0.0044,1.96,0.00,1.5461,78.8500,0.0000,-100.00
CAMP_00313	ADV_0176,111,5,0,156.9300,0.0059,4.50,0.00,1.4138,31.3860,0.0000,-100.00
CAMP_00314	ADV_0068,104,1,0,143.1700,0.0012,0.96,0.00,1.3766,143.1700,0.0000,-100.00
CAMP_00315	ADV_0076,89,1,0,129.8600,0.0022,1.12,0.00,1.4591,129.8600,0.0000,-100.00
CAMP_00316	ADV_0187,96,2,1,150.1900,5.1997,2.08,50.00,1.5645,75.0950,150.1900,-96.54
CAMP_00317	ADV_0034,106,1,0,151.9700,0.0005,0.94,0.00,1.4337,151.9700,0.0000,-100.00
CAMP_00318	ADV_0010,99,0,0,149.5200,0.0000,0.00,0.00,1.5103,0.0000,0.0000,-100.00
CAMP_00319	ADV_0007,102,2,0,151.9200,0.0023,1.96,0.00,1.4894,75.9600,0.0000,-100.00
CAMP_00320	ADV_0108,106,0,0,147.6100,0.0000,0.00,0.00,1.3925,0.0000,0.0000,-100.00
CAMP_00321	ADV_0186,96,2,0,150.8900,0.0033,2.08,0.00,1.5718,75.4450,0.0000,-100.00
CAMP_00322	ADV_0021,92,0,0,143.4800,0.0000,0.00,0.00,1.5596,0.0000,0.0000,-100.00
CAMP_00323	ADV_0011,106,2,0,160.2300,0.0054,1.89,0.00,1.5116,80.1150,0.0000,-100.00
CAMP_00324	ADV_0110,102,3,1,159.1200,7.2091,2.94,33.33,1.5600,53.0400,159.1200,-95.47
CAMP_00325	ADV_0178,104,1,0,160.4000,0.0039,0.96,0.00,1.5423,160.4000,0.0000,-100.00
CAMP_00326	ADV_0082,112,1,0,155.2000,0.0025,0.89,0.00,1.3857,155.2000,0.0000,-100.00
CAMP_00327	ADV_0187,113,3,0,177.1200,0.0054,2.65,0.00,1.5674,59.0400,0.0000,-100.00
CAMP_00328	ADV_0179,105,1,0,156.8000,0.0021,0.95,0.00,1.4933,156.8000,0.0000,-100.00
CAMP_00329	ADV_0091,104,2,1,150.9700,7.6608,1.92,50.00,1.4516,75.4850,150.9700,-94.93
CAMP_00330	ADV_0106,102,1,0,154.9700,0.0009,0.98,0.00,1.5193,154.9700,0.0000,-100.00
CAMP_00331	ADV_0089,91,2,0,142.3500,0.0054,2.20,0.00,1.5643,71.1750,0.0000,-100.00
CAMP_00332	ADV_0146,87,3,0,129.7600,0.0043,3.45,0.00,1.4915,43.2533,0.0000,-100.00
CAMP_00333	ADV_0069,131,3,0,194.3500,0.0043,2.29,0.00,1.4836,64.7833,0.0000,-100.00
CAMP_00334	ADV_0154,94,1,0,143.1600,0.0011,1.06,0.00,1.5230,143.1600,0.0000,-100.00
CAMP_00335	ADV_0089,103,1,0,158.2000,0.0006,0.97,0.00,1.5359,158.2000,0.0000,-100.00
CAMP_00336	ADV_0189,91,2,0,142.6200,0.0021,2.20,0.00,1.5673,71.3100,0.0000,-100.00
CAMP_00337	ADV_0116,111,2,0,171.5700,0.0062,1.80,0.00,1.5457,85.7850,0.0000,-100.00
CAMP_00338	ADV_0123,97,2,0,148.4900,0.0030,2.06,0.00,1.5308,74.2450,0.0000,-100.00
CAMP_00339	ADV_0015,113,3,1,161.2900,4.8681,2.65,33.33,1.4273,53.7633,161.2900,-96.98
CAMP_00340	ADV_0048,99,3,0,158.5800,0.0034,3.03,0.00,1.6018,52.8600,0.0000,-100.00
CAMP_00341	ADV_0075,94,2,0,144.3600,0.0020,2.13,0.00,1.5357,72.1800,0.0000,-100.00
CAMP_00342	ADV_0135,79,4,0,114.1800,0.0068,5.06,0.00,1.4453,28.5450,0.0000,-99.99
CAMP_00343	ADV_0078,94,2,1,135.7100,4.3078,2.13,50.00,1.4437,67.8550,135.7100,-96.83
CAMP_00344	ADV_0170,100,5,1,151.5500,4.3500,5.00,20.00,1.5155,30.3100,151.5500,-97.13
CAMP_00345	ADV_0185,104,1,0,148.3800,0.0014,0.96,0.00,1.4267,148.3800,0.0000,-100.00
CAMP_00346	ADV_0165,91,1,0,142.0400,0.0013,1.10,0.00,1.5609,142.0400,0.0000,-100.00
CAMP_00347	ADV_0037,94,2,0,151.3600,0.0026,2.13,0.00,1.6102,75.6800,0.0000,-100.00
CAMP_00348	ADV_0159,107,3,0,172.0800,0.0064,2.80,0.00,1.6082,57.3600,0.0000,-100.00
CAMP_00349	ADV_0028,105,2,1,146.8500,3.9401,1.90,50.00,1.3986,73.4250,146.8500,-97.32
CAMP_00350	ADV_0083,89,1,0,131.5500,0.0024,1.12,0.00,1.4781,131.5500,0.0000,-100.00
CAMP_00351	ADV_0073,109,2,0,159.5200,0.0011,1.83,0.00,1.4635,79.7600,0.0000,-100.00
CAMP_00352	ADV_0063,82,2,0,127.8400,0.0028,2.44,0.00,1.5590,63.9200,0.0000,-100.00
CAMP_00353	ADV_0165,94,2,1,121.8600,6.0884,2.13,50.00,1.2964,60.9300,121.8600,-95.00
CAMP_00354	ADV_0042,93,2,1,138.5000,5.5052,2.15,50.00,1.4892,69.2500,138.5000,-96.03
CAMP_00355	ADV_0028,98,3,0,152.7100,0.0067,3.06,0.00,1.5583,50.9033,0.0000,-100.00
CAMP_00356	ADV_0172,96,0,0,146.8200,0.0000,0.00,0.00,1.5294,0.0000,0.0000,-100.00
CAMP_00357	ADV_0060,108,2,0,158.7100,0.0024,1.85,0.00,1.4695,79.3550,0.0000,-100.00
CAMP_00358	ADV_0086,102,1,0,161.8600,0.0012,0.98,0.00,1.5869,161.8600,0.0000,-100.00
CAMP_00359	ADV_0131,95,0,0,140.1500,0.0000,0.00,0.00,1.4753,0.0000,0.0000,-100.00
CAMP_00360	ADV_0016,101,2,0,151.3500,0.0018,1.98,0.00,1.4985,75.6750,0.0000,-100.00
CAMP_00361	ADV_0079,104,3,0,160.2100,0.0033,2.88,0.00,1.5405,53.4033,0.0000,-100.00
CAMP_00362	ADV_0151,93,1,0,134.2100,0.0016,1.08,0.00,1.4431,134.2100,0.0000,-100.00
CAMP_00363	ADV_0095,108,4,0,147.3200,0.0083,3.70,0.00,1.3641,36.8300,0.0000,-99.99
CAMP_00364	ADV_0188,92,3,0,152.7100,0.0041,3.26,0.00,1.6599,50.9033,0.0000,-100.00
CAMP_00365	ADV_0043,108,1,0,164.1100,0.0010,0.93,0.00,1.5195,164.1100,0.0000,-100.00
CAMP_00366	ADV_0188,105,0,0,147.5200,0.0000,0.00,0.00,1.4050,0.0000,0.0000,-100.00
CAMP_00367	ADV_0062,91,2,0,140.6500,0.0030,2.20,0.00,1.5456,70.3250,0.0000,-100.00
CAMP_00368	ADV_0012,111,1,0,162.7900,0.0029,0.90,0.00,1.4666,162.7900,0.0000,-100.00
CAMP_00369	ADV_0140,78,2,0,111.8200,0.0014,2.56,0.00,1.4336,55.9100,0.0000,-100.00
CAMP_00370	ADV_0144,95,2,0,144.1700,0.0059,2.11,0.00,1.5176,72.0850,0.0000,-100.00
CAMP_00371	ADV_0066,89,3,0,131.3500,0.0022,3.37,0.00,1.4758,43.7833,0.0000,-100.00
CAMP_00372	ADV_0185,118,2,1,181.0200,4.0708,1.69,50.00,1.5341,90.5100,181.0200,-97.75
CAMP_00373	ADV_0015,99,1,0,165.3300,0.0014,1.01,0.00,1.6700,165.3300,0.0000,-100.00
CAMP_00374	ADV_0085,89,0,0,132.1500,0.0000,0.00,0.00,1.4848,0.0000,0.0000,-100.00
CAMP_00375	ADV_0024,98,3,0,141.7100,0.0031,3.06,0.00,1.4460,47.2367,0.0000,-100.00
CAMP_00376	ADV_0118,95,1,0,142.5900,0.0013,1.05,0.00,1.5009,142.5900,0.0000,-100.00
CAMP_00377	ADV_0045,98,1,0,148.1000,0.0015,1.02,0.00,1.5112,148.1000,0.0000,-100.00
CAMP_00378	ADV_0186,96,0,0,149.5300,0.0000,0.00,0.00,1.5576,0.0000,0.0000,-100.00
CAMP_00379	ADV_0072,88,2,0,135.3700,0.0029,2.27,0.00,1.5383,67.6850,0.0000,-100.00
CAMP_00380	ADV_0131,88,2,0,132.7900,0.0058,2.27,0.00,1.5090,66.3950,0.0000,-100.00
CAMP_00381	ADV_0007,92,5,0,135.5500,0.0043,5.43,0.00,1.4734,27.1100,0.0000,-100.00
CAMP_00382	ADV_0066,105,1,0,151.9400,0.0012,0.95,0.00,1.4470,151.9400,0.0000,-100.00
CAMP_00383	ADV_0188,99,1,0,135.4400,0.0006,1.01,0.00,1.3681,135.4400,0.0000,-100.00
CAMP_00384	ADV_0146,104,3,1,154.3200,6.4071,2.88,33.33,1.4838,51.4400,154.3200,-95.85
CAMP_00385	ADV_0164,104,0,0,149.9200,0.0000,0.00,0.00,1.4415,0.0000,0.0000,-100.00
CAMP_00386	ADV_0042,96,2,0,147.7500,0.0043,2.08,0.00,1.5391,73.8750,0.0000,-100.00
CAMP_00387	ADV_0040,100,0,0,149.4400,0.0000,0.00,0.00,1.4944,0.0000,0.0000,-100.00
CAMP_00388	ADV_0176,106,0,0,149.5600,0.0000,0.00,0.00,1.4109,0.0000,0.0000,-100.00
CAMP_00389	ADV_0101,99,1,0,141.8900,0.0012,1.01,0.00,1.4332,141.8900,0.0000,-100.00
CAMP_00390	ADV_0153,96,0,0,145.6600,0.0000,0.00,0.00,1.5173,0.0000,0.0000,-100.00
CAMP_00391	ADV_0077,112,1,0,164.5700,0.0006,0.89,0.00,1.4694,164.5700,0.0000,-100.00
CAMP_00392	ADV_0128,97,0,0,141.7000,0.0000,0.00,0.00,1.4608,0.0000,0.0000,-100.00
CAMP_00393	ADV_0142,105,2,1,141.9100,6.2556,1.90,50.00,1.3515,70.9550,141.9100,-95.59
CAMP_00394	ADV_0094,95,5,2,143.5400,6.7383,5.26,40.00,1.5109,28.7080,71.7700,-95.31
CAMP_00395	ADV_0195,82,2,0,125.7200,0.0052,2.44,0.00,1.5332,62.8600,0.0000,-100.00
CAMP_00396	ADV_0155,98,2,0,147.9200,0.0019,2.04,0.00,1.5094,73.9600,0.0000,-100.00
CAMP_00397	ADV_0006,88,1,0,120.9800,0.0019,1.14,0.00,1.3748,120.9800,0.0000,-100.00
CAMP_00398	ADV_0016,113,2,0,168.8300,0.0043,1.77,0.00,1.4941,84.4150,0.0000,-100.00
CAMP_00399	ADV_0093,102,1,0,140.4500,0.0009,0.98,0.00,1.3770,140.4500,0.0000,-100.00
CAMP_00400	ADV_0082,113,2,0,167.7300,0.0049,1.77,0.00,1.4843,83.8650,0.0000,-100.00
CAMP_00401	ADV_0041,86,1,0,127.8500,0.0007,1.16,0.00,1.4866,127.8500,0.0000,-100.00
CAMP_00402	ADV_0159,79,1,0,113.4500,0.0008,1.27,0.00,1.4361,113.4500,0.0000,-100.00
CAMP_00403	ADV_0184,98,2,0,149.1500,0.0045,2.04,0.00,1.5219,74.5750,0.0000,-100.00
CAMP_00404	ADV_0125,105,2,0,152.0000,0.0021,1.90,0.00,1.4476,76.0000,0.0000,-100.00
CAMP_00405	ADV_0117,91,0,0,143.8700,0.0000,0.00,0.00,1.5810,0.0000,0.0000,-100.00
CAMP_00406	ADV_0102,87,0,0,128.8900,0.0000,0.00,0.00,1.4815,0.0000,0.0000,-100.00
CAMP_00407	ADV_0059,103,1,0,161.1600,0.0008,0.97,0.00,1.5647,161.1600,0.0000,-100.00
CAMP_00408	ADV_0146,92,1,0,130.7400,0.0007,1.09,0.00,1.4211,130.7400,0.0000,-100.00
CAMP_00409	ADV_0084,86,2,0,133.3600,0.0018,2.33,0.00,1.5507,66.6800,0.0000,-100.00
CAMP_00410	ADV_0064,93,5,2,141.3000,13.3021,5.38,40.00,1.5194,28.2600,70.6500,-90.59
CAMP_00411	ADV_0144,111,1,0,155.5000,0.0024,0.90,0.00,1.4009,155.5000,0.0000,-100.00
CAMP_00412	ADV_0072,97,3,0,142.8000,0.0035,3.09,0.00,1.4722,47.6000,0.0000,-100.00
CAMP_00413	ADV_0169,100,0,0,153.0400,0.0000,0.00,0.00,1.5304,0.0000,0.0000,-100.00
CAMP_00414	ADV_0106,98,1,0,147.3500,0.0014,1.02,0.00,1.5036,147.3500,0.0000,-100.00
CAMP_00415	ADV_0107,82,1,0,117.1700,0.0014,1.22,0.00,1.4289,117.1700,0.0000,-100.00
CAMP_00416	ADV_0087,103,3,0,156.7500,0.0046,2.91,0.00,1.5218,52.2500,0.0000,-100.00
CAMP_00417	ADV_0196,112,2,0,165.3600,0.0023,1.79,0.00,1.4764,82.6800,0.0000,-100.00
CAMP_00418	ADV_0153,81,2,0,116.4700,0.0029,2.47,0.00,1.4379,58.2350,0.0000,-100.00
CAMP_00419	ADV_0025,80,1,0,120.7600,0.0032,1.25,0.00,1.5095,120.7600,0.0000,-100.00
CAMP_00420	ADV_0166,83,1,0,121.4000,0.0014,1.20,0.00,1.4627,121.4000,0.0000,-100.00
CAMP_00421	ADV_0003,100,2,1,170.2800,3.9254,2.00,50.00,1.7028,85.1400,170.2800,-97.69
CAMP_00422	ADV_0042,104,3,0,159.8700,0.0044,2.88,0.00,1.5372,53.2900,0.0000,-100.00
CAMP_00423	ADV_0078,94,2,0,135.0500,0.0029,2.13,0.00,1.4367,67.5250,0.0000,-100.00
CAMP_00424	ADV_0154,96,3,0,139.1500,0.0052,3.13,0.00,1.4495,46.3833,0.0000,-100.00
CAMP_00425	ADV_0078,84,1,0,127.0900,0.0007,1.19,0.00,1.5130,127.0900,0.0000,-100.00
CAMP_00426	ADV_0182,89,0,0,141.3800,0.0000,0.00,0.00,1.5885,0.0000,0.0000,-100.00
CAMP_00427	ADV_0010,94,0,0,142.6600,0.0000,0.00,0.00,1.5177,0.0000,0.0000,-100.00
CAMP_00428	ADV_0158,84,0,0,123.0200,0.0000,0.00,0.00,1.4645,0.0000,0.0000,-100.00
CAMP_00429	ADV_0103,119,1,0,168.8700,0.0015,0.84,0.00,1.4191,168.8700,0.0000,-100.00
CAMP_00430	ADV_0006,104,3,0,157.4300,0.0026,2.88,0.00,1.5138,52.4767,0.0000,-100.00
CAMP_00431	ADV_0150,82,2,1,130.7100,3.7325,2.44,50.00,1.5940,65.3550,130.7100,-97.14
CAMP_00432	ADV_0027,92,3,0,127.9700,0.0032,3.26,0.00,1.3910,42.6567,0.0000,-100.00
CAMP_00433	ADV_0021,118,3,0,169.9700,0.0043,2.54,0.00,1.4404,56.6567,0.0000,-100.00
CAMP_00434	ADV_0143,104,1,0,153.8400,0.0010,0.96,0.00,1.4792,153.8400,0.0000,-100.00
CAMP_00435	ADV_0071,89,1,0,136.4000,0.0027,1.12,0.00,1.5326,136.4000,0.0000,-100.00
CAMP_00436	ADV_0092,96,0,0,150.8700,0.0000,0.00,0.00,1.5716,0.0000,0.0000,-100.00
CAMP_00437	ADV_0065,100,1,0,149.4600,0.0020,1.00,0.00,1.4946,149.4600,0.0000,-100.00
CAMP_00438	ADV_0182,96,2,0,136.9300,0.0025,2.08,0.00,1.4264,68.4650,0.0000,-100.00
CAMP_00439	ADV_0127,112,2,0,164.8100,0.0045,1.79,0.00,1.4715,82.4050,0.0000,-100.00
CAMP_00440	ADV_0113,88,0,0,133.6100,0.0000,0.00,0.00,1.5183,0.0000,0.0000,-100.00
CAMP_00441	ADV_0011,101,3,1,152.1600,1.4973,2.97,33.33,1.5065,50.7200,152.1600,-99.02
CAMP_00442	ADV_0100,102,1,0,151.2800,0.0011,0.98,0.00,1.4831,151.2800,0.0000,-100.00
CAMP_00443	ADV_0083,103,2,0,154.0500,0.0029,1.94,0.00,1.4956,77.0250,0.0000,-100.00
CAMP_00444	ADV_0131,98,2,0,150.4400,0.0038,2.04,0.00,1.5351,75.2200,0.0000,-100.00
CAMP_00445	ADV_0169,106,3,0,165.0100,0.0042,2.83,0.00,1.5567,55.0033,0.0000,-100.00
CAMP_00446	ADV_0148,101,0,0,153.0300,0.0000,0.00,0.00,1.5151,0.0000,0.0000,-100.00
CAMP_00447	ADV_0034,95,1,0,143.5700,0.0015,1.05,0.00,1.5113,143.5700,0.0000,-100.00
CAMP_00448	ADV_0008,112,3,0,169.9800,0.0052,2.68,0.00,1.5177,56.6600,0.0000,-100.00
CAMP_00449	ADV_0023,100,2,0,138.6200,0.0029,2.00,0.00,1.3862,69.3100,0.0000,-100.00
CAMP_00450	ADV_0051,83,6,0,125.5500,0.0089,7.23,0.00,1.5127,20.9250,0.0000,-99.99
CAMP_00451	ADV_0071,97,2,1,138.2600,5.4812,2.06,50.00,1.4254,69.1300,138.2600,-96.04
CAMP_00452	ADV_0058,104,2,0,145.0800,0.0026,1.92,0.00,1.3950,72.5400,0.0000,-100.00
CAMP_00453	ADV_0102,109,2,1,178.3300,8.3257,1.83,50.00,1.6361,89.1650,178.3300,-95.33
CAMP_00454	ADV_0165,107,1,0,155.7600,0.0012,0.93,0.00,1.4557,155.7600,0.0000,-100.00
CAMP_00455	ADV_0180,105,1,0,162.1700,0.0018,0.95,0.00,1.5445,162.1700,0.0000,-100.00
CAMP_00456	ADV_0174,105,1,0,148.5700,0.0011,0.95,0.00,1.4150,148.5700,0.0000,-100.00
CAMP_00457	ADV_0137,93,0,0,153.7800,0.0000,0.00,0.00,1.6535,0.0000,0.0000,-100.00
CAMP_00458	ADV_0092,92,0,0,136.0500,0.0000,0.00,0.00,1.4788,0.0000,0.0000,-100.00
CAMP_00459	ADV_0081,104,1,0,146.5900,0.0014,0.96,0.00,1.4095,146.5900,0.0000,-100.00
CAMP_00460	ADV_0200,85,1,1,121.6600,1.8799,1.18,100.00,1.4313,121.6600,121.6600,-98.45
CAMP_00461	ADV_0178,87,4,0,130.2300,0.0043,4.60,0.00,1.4969,32.5575,0.0000,-100.00
CAMP_00462	ADV_0149,104,1,0,146.1500,0.0025,0.96,0.00,1.4053,146.1500,0.0000,-100.00
CAMP_00463	ADV_0197,93,0,0,140.5700,0.0000,0.00,0.00,1.5115,0.0000,0.0000,-100.00
CAMP_00464	ADV_0078,105,1,0,172.6000,0.0020,0.95,0.00,1.6438,172.6000,0.0000,-100.00
CAMP_00465	ADV_0019,90,2,1,130.2300,2.5509,2.22,50.00,1.4470,65.1150,130.2300,-98.04
CAMP_00466	ADV_0145,93,0,0,143.0000,0.0000,0.00,0.00,1.5376,0.0000,0.0000,-100.00
CAMP_00467	ADV_0112,102,2,0,160.8300,0.0021,1.96,0.00,1.5768,80.4150,0.0000,-100.00
CAMP_00468	ADV_0006,94,1,0,136.0900,0.0005,1.06,0.00,1.4478,136.0900,0.0000,-100.00
CAMP_00469	ADV_0144,102,3,1,169.0600,2.6008,2.94,33.33,1.6575,56.3533,169.0600,-98.46
CAMP_00470	ADV_0192,103,4,0,145.8700,0.0060,3.88,0.00,1.4162,36.4675,0.0000,-100.00
CAMP_00471	ADV_0032,111,1,0,160.2400,0.0014,0.90,0.00,1.4436,160.2400,0.0000,-100.00
CAMP_00472	ADV_0111,89,0,0,141.4600,0.0000,0.00,0.00,1.5894,0.0000,0.0000,-100.00
CAMP_00473	ADV_0020,103,1,0,161.2300,0.0006,0.97,0.00,1.5653,161.2300,0.0000,-100.00
CAMP_00474	ADV_0062,104,1,0,153.9500,0.0015,0.96,0.00,1.4803,153.9500,0.0000,-100.00
CAMP_00475	ADV_0140,115,0,0,172.3900,0.0000,0.00,0.00,1.4990,0.0000,0.0000,-100.00
CAMP_00476	ADV_0094,105,2,0,152.8600,0.0026,1.90,0.00,1.4558,76.4300,0.0000,-100.00
CAMP_00477	ADV_0138,105,1,0,163.7200,0.0008,0.95,0.00,1.5592,163.7200,0.0000,-100.00
CAMP_00478	ADV_0150,91,2,0,154.6600,0.0035,2.20,0.00,1.6996,77.3300,0.0000,-100.00
CAMP_00479	ADV_0193,85,1,0,115.7900,0.0013,1.18,0.00,1.3622,115.7900,0.0000,-100.00
CAMP_00480	ADV_0139,116,2,0,175.1600,0.0031,1.72,0.00,1.5100,87.5800,0.0000,-100.00
CAMP_00481	ADV_0019,82,1,0,119.0900,0.0006,1.22,0.00,1.4523,119.0900,0.0000,-100.00
CAMP_00482	ADV_0187,106,5,0,158.2300,0.0069,4.72,0.00,1.4927,31.6460,0.0000,-100.00
CAMP_00483	ADV_0043,113,0,0,169.2800,0.0000,0.00,0.00,1.4981,0.0000,0.0000,-100.00
CAMP_00484	ADV_0051,95,0,0,149.8500,0.0000,0.00,0.00,1.5774,0.0000,0.0000,-100.00
CAMP_00485	ADV_0120,100,2,0,149.3300,0.0031,2.00,0.00,1.4933,74.6650,0.0000,-100.00
CAMP_00486	ADV_0167,95,0,0,132.1100,0.0000,0.00,0.00,1.3906,0.0000,0.0000,-100.00
CAMP_00487	ADV_0121,112,2,0,160.7800,0.0032,1.79,0.00,1.4355,80.3900,0.0000,-100.00
CAMP_00488	ADV_0184,93,3,0,145.7900,0.0027,3.23,0.00,1.5676,48.5967,0.0000,-100.00
CAMP_00489	ADV_0158,100,1,1,140.2800,2.6835,1.00,100.00,1.4028,140.2800,140.2800,-98.09
CAMP_00490	ADV_0170,96,2,0,142.0400,0.0020,2.08,0.00,1.4796,71.0200,0.0000,-100.00
CAMP_00491	ADV_0177,91,1,0,130.1400,0.0018,1.10,0.00,1.4301,130.1400,0.0000,-100.00
CAMP_00492	ADV_0036,84,2,1,117.4100,3.0651,2.38,50.00,1.3977,58.7050,117.4100,-97.39
CAMP_00493	ADV_0092,110,2,0,170.0000,0.0040,1.82,0.00,1.5455,85.0000,0.0000,-100.00
CAMP_00494	ADV_0154,114,2,0,177.3100,0.0025,1.75,0.00,1.5554,88.6550,0.0000,-100.00
CAMP_00495	ADV_0062,112,0,0,160.9700,0.0000,0.00,0.00,1.4372,0.0000,0.0000,-100.00
CAMP_00496	ADV_0136,117,3,0,163.7800,0.0046,2.56,0.00,1.3998,54.5933,0.0000,-100.00
CAMP_00497	ADV_0046,107,2,0,166.7000,0.0031,1.87,0.00,1.5579,83.3500,0.0000,-100.00
CAMP_00498	ADV_0191,117,1,0,164.6500,0.0018,0.85,0.00,1.4073,164.6500,0.0000,-100.00
CAMP_00499	ADV_0030,101,5,0,152.5900,0.0068,4.95,0.00,1.5108,30.5180,0.0000,-100.00
CAMP_00500	ADV_0044,108,0,0,161.7600,0.0000,0.00,0.00,1.4978,0.0000,0.0000,-100.00
CAMP_00501	ADV_0162,93,3,0,140.8200,0.0043,3.23,0.00,1.5142,46.9400,0.0000,-100.00
CAMP_00502	ADV_0098,106,2,0,165.5900,0.0024,1.89,0.00,1.5622,82.7950,0.0000,-100.00
CAMP_00503	ADV_0178,111,2,0,154.7700,0.0021,1.80,0.00,1.3943,77.3850,0.0000,-100.00
CAMP_00504	ADV_0181,78,3,0,114.2600,0.0039,3.85,0.00,1.4649,38.0867,0.0000,-100.00
CAMP_00505	ADV_0074,102,3,0,153.5200,0.0039,2.94,0.00,1.5051,51.1733,0.0000,-100.00
CAMP_00506	ADV_0011,108,2,0,149.2900,0.0023,1.85,0.00,1.3823,74.6450,0.0000,-100.00
CAMP_00507	ADV_0027,93,1,0,132.4300,0.0008,1.08,0.00,1.4240,132.4300,0.0000,-100.00
CAMP_00508	ADV_0119,116,1,0,159.5300,0.0019,0.86,0.00,1.3753,159.5300,0.0000,-100.00
CAMP_00509	ADV_0046,101,1,0,148.0600,0.0014,0.99,0.00,1.4659,148.0600,0.0000,-100.00
CAMP_00510	ADV_0112,109,4,0,168.3500,0.0055,3.67,0.00,1.5445,42.0875,0.0000,-100.00
CAMP_00511	ADV_0193,100,1,0,146.5900,0.0009,1.00,0.00,1.4659,146.5900,0.0000,-100.00
CAMP_00512	ADV_0118,100,1,0,164.5000,0.0033,1.00,0.00,1.6450,164.5000,0.0000,-100.00
CAMP_00513	ADV_0170,102,2,1,144.8400,1.8910,1.96,50.00,1.4200,72.4200,144.8400,-98.69
CAMP_00514	ADV_0094,101,1,0,150.3200,0.0014,0.99,0.00,1.4883,150.3200,0.0000,-100.00
CAMP_00515	ADV_0032,92,3,0,134.7400,0.0046,3.26,0.00,1.4646,44.9133,0.0000,-100.00
CAMP_00516	ADV_0128,102,1,0,141.9500,0.0041,0.98,0.00,1.3917,141.9500,0.0000,-100.00
CAMP_00517	ADV_0103,105,0,0,159.4600,0.0000,0.00,0.00,1.5187,0.0000,0.0000,-100.00
CAMP_00518	ADV_0011,94,2,0,144.2100,0.0033,2.13,0.00,1.5341,72.1050,0.0000,-100.00
CAMP_00519	ADV_0137,95,4,1,134.7100,6.9942,4.21,25.00,1.4180,33.6775,134.7100,-94.81
CAMP_00520	ADV_0036,101,2,1,151.8600,2.8004,1.98,50.00,1.5036,75.9300,151.8600,-98.16
CAMP_00521	ADV_0168,116,2,0,166.2300,0.0014,1.72,0.00,1.4330,83.1150,0.0000,-100.00
CAMP_00522	ADV_0058,102,0,0,141.1800,0.0000,0.00,0.00,1.3841,0.0000,0.0000,-100.00
CAMP_00523	ADV_0060,101,1,0,151.7600,0.0019,0.99,0.00,1.5026,151.7600,0.0000,-100.00
CAMP_00524	ADV_0151,94,1,0,145.0700,0.0009,1.06,0.00,1.5433,145.0700,0.0000,-100.00
CAMP_00525	ADV_0079,120,2,0,177.3200,0.0030,1.67,0.00,1.4777,88.6600,0.0000,-100.00
CAMP_00526	ADV_0018,88,0,0,131.2900,0.0000,0.00,0.00,1.4919,0.0000,0.0000,-100.00
CAMP_00527	ADV_0133,102,3,0,155.3600,0.0064,2.94,0.00,1.5231,51.7867,0.0000,-100.00
CAMP_00528	ADV_0093,87,0,0,130.5100,0.0000,0.00,0.00,1.5001,0.0000,0.0000,-100.00
CAMP_00529	ADV_0153,92,2,1,132.4700,5.3767,2.17,50.00,1.4399,66.2350,132.4700,-95.94
CAMP_00530	ADV_0172,90,1,0,137.5900,0.0014,1.11,0.00,1.5288,137.5900,0.0000,-100.00
CAMP_00531	ADV_0168,110,4,0,160.3100,0.0042,3.64,0.00,1.4574,40.0775,0.0000,-100.00
CAMP_00532	ADV_0057,102,2,0,157.7000,0.0054,1.96,0.00,1.5461,78.8500,0.0000,-100.00
CAMP_00533	ADV_0162,104,4,0,158.1200,0.0044,3.85,0.00,1.5204,39.5300,0.0000,-100.00
CAMP_00534	ADV_0177,109,0,0,171.3700,0.0000,0.00,0.00,1.5722,0.0000,0.0000,-100.00
CAMP_00535	ADV_0036,92,2,0,138.8000,0.0040,2.17,0.00,1.5087,69.4000,0.0000,-100.00
CAMP_00536	ADV_0055,107,2,0,155.2200,0.0032,1.87,0.00,1.4507,77.6100,0.0000,-100.00
CAMP_00537	ADV_0030,110,3,0,162.3100,0.0048,2.73,0.00,1.4755,54.1033,0.0000,-100.00
CAMP_00538	ADV_0038,104,3,0,162.4900,0.0044,2.88,0.00,1.5624,54.1633,0.0000,-100.00
CAMP_00539	ADV_0003,108,3,0,163.0800,0.0053,2.78,0.00,1.5100,54.3600,0.0000,-100.00
CAMP_00540	ADV_0029,89,1,0,140.1200,0.0019,1.12,0.00,1.5744,140.1200,0.0000,-100.00
CAMP_00541	ADV_0098,113,0,0,171.6300,0.0000,0.00,0.00,1.5188,0.0000,0.0000,-100.00
CAMP_00542	ADV_0101,95,2,0,134.9000,0.0018,2.11,0.00,1.4200,67.4500,0.0000,-100.00
CAMP_00543	ADV_0160,96,1,0,147.7900,0.0026,1.04,0.00,1.5395,147.7900,0.0000,-100.00
CAMP_00544	ADV_0138,97,3,0,142.7500,0.0033,3.09,0.00,1.4716,47.5833,0.0000,-100.00
CAMP_00545	ADV_0064,84,3,0,128.7900,0.0042,3.57,0.00,1.5332,42.9300,0.0000,-100.00
CAMP_00546	ADV_0174,97,1,0,141.8000,0.0022,1.03,0.00,1.4619,141.8000,0.0000,-100.00
CAMP_00547	ADV_0139,104,1,0,148.5900,0.0008,0.96,0.00,1.4288,148.5900,0.0000,-100.00
CAMP_00548	ADV_0051,79,0,0,121.2900,0.0000,0.00,0.00,1.5353,0.0000,0.0000,-100.00
CAMP_00549	ADV_0086,113,1,0,160.2000,0.0015,0.88,0.00,1.4177,160.2000,0.0000,-100.00
CAMP_00550	ADV_0105,102,1,0,138.8200,0.0013,0.98,0.00,1.3610,138.8200,0.0000,-100.00
CAMP_00551	ADV_0185,89,1,0,138.9900,0.0023,1.12,0.00,1.5617,138.9900,0.0000,-100.00
CAMP_00552	ADV_0161,97,2,0,131.8600,0.0036,2.06,0.00,1.3594,65.9300,0.0000,-100.00
CAMP_00553	ADV_0174,84,2,0,132.9700,0.0044,2.38,0.00,1.5830,66.4850,0.0000,-100.00
CAMP_00554	ADV_0169,98,1,0,150.2200,0.0006,1.02,0.00,1.5329,150.2200,0.0000,-100.00
CAMP_00555	ADV_0149,116,2,0,167.1600,0.0016,1.72,0.00,1.4410,83.5800,0.0000,-100.00
CAMP_00556	ADV_0070,100,1,0,156.0200,0.0032,1.00,0.00,1.5602,156.0200,0.0000,-100.00
CAMP_00557	ADV_0022,108,4,1,156.9600,5.6415,3.70,25.00,1.4533,39.2400,156.9600,-96.41
CAMP_00558	ADV_0170,105,2,0,165.3400,0.0029,1.90,0.00,1.5747,82.6700,0.0000,-100.00
CAMP_00559	ADV_0119,110,0,0,162.4500,0.0000,0.00,0.00,1.4768,0.0000,0.0000,-100.00
CAMP_00560	ADV_0138,100,1,0,141.7700,0.0014,1.00,0.00,1.4177,141.7700,0.0000,-100.00
CAMP_00561	ADV_0171,109,3,0,158.6600,0.0074,2.75,0.00,1.4556,52.8867,0.0000,-100.00
CAMP_00562	ADV_0069,90,2,0,138.7500,0.0057,2.22,0.00,1.5417,69.3750,0.0000,-100.00
CAMP_00563	ADV_0118,107,4,0,155.2400,0.0068,3.74,0.00,1.4508,38.8100,0.0000,-100.00
CAMP_00564	ADV_0052,97,6,1,140.3700,4.1656,6.19,16.67,1.4471,23.3950,140.3700,-97.03
CAMP_00565	ADV_0031,96,1,0,145.5300,0.0021,1.04,0.00,1.5159,145.5300,0.0000,-100.00
CAMP_00566	ADV_0036,101,1,0,149.7300,0.0044,0.99,0.00,1.4825,149.7300,0.0000,-100.00
CAMP_00567	ADV_0127,90,4,0,135.1600,0.0049,4.44,0.00,1.5018,33.7900,0.0000,-100.00
CAMP_00568	ADV_0163,99,4,0,142.0400,0.0049,4.04,0.00,1.4347,35.5100,0.0000,-100.00
CAMP_00569	ADV_0145,93,2,0,135.3300,0.0031,2.15,0.00,1.4552,67.6650,0.0000,-100.00
CAMP_00570	ADV_0116,111,2,0,173.0000,0.0023,1.80,0.00,1.5586,86.5000,0.0000,-100.00
CAMP_00571	ADV_0127,114,2,0,157.1500,0.0030,1.75,0.00,1.3785,78.5750,0.0000,-100.00
CAMP_00572	ADV_0173,112,1,0,170.6400,0.0011,0.89,0.00,1.5236,170.6400,0.0000,-100.00
CAMP_00573	ADV_0011,102,2,0,160.7900,0.0036,1.96,0.00,1.5764,80.3950,0.0000,-100.00
CAMP_00574	ADV_0181,98,1,0,139.0800,0.0009,1.02,0.00,1.4192,139.0800,0.0000,-100.00
CAMP_00575	ADV_0196,106,2,0,174.6900,0.0029,1.89,0.00,1.6480,87.3450,0.0000,-100.00
CAMP_00576	ADV_0094,108,1,1,162.7800,7.9417,0.93,100.00,1.5072,162.7800,162.7800,-95.12
CAMP_00577	ADV_0153,91,1,0,135.8700,0.0015,1.10,0.00,1.4931,135.8700,0.0000,-100.00
CAMP_00578	ADV_0097,101,2,0,142.5100,0.0019,1.98,0.00,1.4110,71.2550,0.0000,-100.00
CAMP_00579	ADV_0044,96,1,0,135.3700,0.0011,1.04,0.00,1.4101,135.3700,0.0000,-100.00
CAMP_00580	ADV_0152,91,4,0,144.1600,0.0053,4.40,0.00,1.5842,36.0400,0.0000,-100.00
CAMP_00581	ADV_0092,104,2,0,159.8700,0.0026,1.92,0.00,1.5372,79.9350,0.0000,-100.00
CAMP_00582	ADV_0121,98,1,0,149.1000,0.0009,1.02,0.00,1.5214,149.1000,0.0000,-100.00
CAMP_00583	ADV_0182,83,1,0,122.4700,0.0045,1.20,0.00,1.4755,122.4700,0.0000,-100.00
CAMP_00584	ADV_0191,102,0,0,149.4100,0.0000,0.00,0.00,1.4648,0.0000,0.0000,-100.00
CAMP_00585	ADV_0018,105,2,0,164.7600,0.0043,1.90,0.00,1.5691,82.3800,0.0000,-100.00
CAMP_00586	ADV_0181,98,2,0,152.8800,0.0018,2.04,0.00,1.5600,76.4400,0.0000,-100.00
CAMP_00587	ADV_0179,99,2,0,154.7500,0.0019,2.02,0.00,1.5631,77.3750,0.0000,-100.00
CAMP_00588	ADV_0152,72,1,0,112.8300,0.0041,1.39,0.00,1.5671,112.8300,0.0000,-100.00
CAMP_00589	ADV_0034,98,0,0,146.2900,0.0000,0.00,0.00,1.4928,0.0000,0.0000,-100.00
CAMP_00590	ADV_0005,94,2,0,136.1900,0.0019,2.13,0.00,1.4488,68.0950,0.0000,-100.00
CAMP_00591	ADV_0054,112,1,1,165.5900,7.3657,0.89,100.00,1.4785,165.5900,165.5900,-95.55
CAMP_00592	ADV_0029,86,2,0,121.0800,0.0026,2.33,0.00,1.4079,60.5400,0.0000,-100.00
CAMP_00593	ADV_0028,96,1,0,144.2400,0.0013,1.04,0.00,1.5025,144.2400,0.0000,-100.00
CAMP_00594	ADV_0055,81,1,0,126.2500,0.0007,1.23,0.00,1.5586,126.2500,0.0000,-100.00
CAMP_00595	ADV_0035,95,3,0,149.2800,0.0054,3.16,0.00,1.5714,49.7600,0.0000,-100.00
CAMP_00596	ADV_0008,106,3,2,157.2100,7.4998,2.83,66.67,1.4831,52.4033,78.6050,-95.23
CAMP_00597	ADV_0074,103,1,0,140.2300,0.0012,0.97,0.00,1.3615,140.2300,0.0000,-100.00
CAMP_00598	ADV_0195,114,2,1,195.9600,8.3885,1.75,50.00,1.7189,97.9800,195.9600,-95.72
CAMP_00599	ADV_0080,114,2,0,157.0700,0.0017,1.75,0.00,1.3778,78.5350,0.0000,-100.00
CAMP_00600	ADV_0193,82,2,0,115.8700,0.0033,2.44,0.00,1.4130,57.9350,0.0000,-100.00
CAMP_00601	ADV_0052,93,0,0,147.4300,0.0000,0.00,0.00,1.5853,0.0000,0.0000,-100.00
CAMP_00602	ADV_0019,89,1,0,144.6600,0.0013,1.12,0.00,1.6254,144.6600,0.0000,-100.00
CAMP_00603	ADV_0118,84,0,0,123.5800,0.0000,0.00,0.00,1.4712,0.0000,0.0000,-100.00
CAMP_00604	ADV_0114,116,1,0,164.4200,0.0014,0.86,0.00,1.4174,164.4200,0.0000,-100.00
CAMP_00605	ADV_0168,76,0,0,108.8100,0.0000,0.00,0.00,1.4317,0.0000,0.0000,-100.00
CAMP_00606	ADV_0198,90,0,0,138.6400,0.0000,0.00,0.00,1.5404,0.0000,0.0000,-100.00
CAMP_00607	ADV_0038,99,0,0,154.0400,0.0000,0.00,0.00,1.5560,0.0000,0.0000,-100.00
CAMP_00608	ADV_0125,86,0,0,131.0700,0.0000,0.00,0.00,1.5241,0.0000,0.0000,-100.00
CAMP_00609	ADV_0161,103,5,0,162.0600,0.0083,4.85,0.00,1.5734,32.4120,0.0000,-99.99
CAMP_00610	ADV_0070,81,0,0,135.4300,0.0000,0.00,0.00,1.6720,0.0000,0.0000,-100.00
CAMP_00611	ADV_0031,107,1,0,159.7400,0.0010,0.93,0.00,1.4929,159.7400,0.0000,-100.00
CAMP_00612	ADV_0181,104,0,0,153.3300,0.0000,0.00,0.00,1.4743,0.0000,0.0000,-100.00
CAMP_00613	ADV_0088,98,2,0,138.7500,0.0019,2.04,0.00,1.4158,69.3750,0.0000,-100.00
CAMP_00614	ADV_0055,105,4,0,149.3600,0.0068,3.81,0.00,1.4225,37.3400,0.0000,-100.00
CAMP_00615	ADV_0015,100,0,0,161.6400,0.0000,0.00,0.00,1.6164,0.0000,0.0000,-100.00
CAMP_00616	ADV_0019,101,1,0,154.4700,0.0013,0.99,0.00,1.5294,154.4700,0.0000,-100.00
CAMP_00617	ADV_0103,75,3,1,114.3400,5.9555,4.00,33.33,1.5245,38.1133,114.3400,-94.79
CAMP_00618	ADV_0190,106,1,0,159.3800,0.0013,0.94,0.00,1.5036,159.3800,0.0000,-100.00
CAMP_00619	ADV_0097,100,3,0,153.0600,0.0051,3.00,0.00,1.5306,51.0200,0.0000,-100.00
CAMP_00620	ADV_0149,93,2,0,143.2200,0.0028,2.15,0.00,1.5400,71.6100,0.0000,-100.00
CAMP_00621	ADV_0006,91,1,0,139.7800,0.0018,1.10,0.00,1.5360,139.7800,0.0000,-100.00
CAMP_00622	ADV_0055,88,1,0,125.6600,0.0012,1.14,0.00,1.4280,125.6600,0.0000,-100.00
CAMP_00623	ADV_0114,93,1,0,146.8700,0.0007,1.08,0.00,1.5792,146.8700,0.0000,-100.00
CAMP_00624	ADV_0186,103,0,0,168.7500,0.0000,0.00,0.00,1.6383,0.0000,0.0000,-100.00
CAMP_00625	ADV_0154,103,2,0,147.6600,0.0038,1.94,0.00,1.4336,73.8300,0.0000,-100.00
CAMP_00626	ADV_0070,98,1,0,143.8200,0.0012,1.02,0.00,1.4676,143.8200,0.0000,-100.00
CAMP_00627	ADV_0106,102,3,1,148.9700,3.4295,2.94,33.33,1.4605,49.6567,148.9700,-97.70
CAMP_00628	ADV_0002,101,1,0,147.8300,0.0013,0.99,0.00,1.4637,147.8300,0.0000,-100.00
CAMP_00629	ADV_0064,127,2,0,186.9900,0.0031,1.57,0.00,1.4724,93.4950,0.0000,-100.00
CAMP_00630	ADV_0199,96,2,0,140.8100,0.0030,2.08,0.00,1.4668,70.4050,0.0000,-100.00
CAMP_00631	ADV_0106,109,4,1,164.7600,7.5650,3.67,25.00,1.5116,41.1900,164.7600,-95.41
CAMP_00632	ADV_0084,109,3,1,154.0200,6.2899,2.75,33.33,1.4130,51.3400,154.0200,-95.92
CAMP_00633	ADV_0197,105,2,0,150.1000,0.0028,1.90,0.00,1.4295,75.0500,0.0000,-100.00
CAMP_00634	ADV_0113,108,1,0,157.5300,0.0019,0.93,0.00,1.4586,157.5300,0.0000,-100.00
CAMP_00635	ADV_0040,108,3,0,173.8000,0.0055,2.78,0.00,1.6093,57.9333,0.0000,-100.00
CAMP_00636	ADV_0056,104,1,0,149.7800,0.0023,0.96,0.00,1.4402,149.7800,0.0000,-100.00
CAMP_00637	ADV_0181,90,3,1,137.0200,10.1955,3.33,33.33,1.5224,45.6733,137.0200,-92.56
CAMP_00638	ADV_0185,116,2,1,171.0700,2.7338,1.72,50.00,1.4747,85.5350,171.0700,-98.40
CAMP_00639	ADV_0183,112,2,0,168.9700,0.0042,1.79,0.00,1.5087,84.4850,0.0000,-100.00
CAMP_00640	ADV_0005,83,2,0,128.8100,0.0022,2.41,0.00,1.5519,64.4050,0.0000,-100.00
CAMP_00641	ADV_0011,112,0,0,161.1700,0.0000,0.00,0.00,1.4390,0.0000,0.0000,-100.00
CAMP_00642	ADV_0194,107,2,0,151.8800,0.0023,1.87,0.00,1.4194,75.9400,0.0000,-100.00
CAMP_00643	ADV_0133,101,0,0,136.4900,0.0000,0.00,0.00,1.3514,0.0000,0.0000,-100.00
CAMP_00644	ADV_0056,92,2,1,139.7000,1.6026,2.17,50.00,1.5185,69.8500,139.7000,-98.85
CAMP_00645	ADV_0172,97,2,0,147.0600,0.0029,2.06,0.00,1.5161,73.5300,0.0000,-100.00
CAMP_00646	ADV_0139,95,1,0,142.3100,0.0009,1.05,0.00,1.4980,142.3100,0.0000,-100.00
CAMP_00647	ADV_0098,108,1,0,155.7900,0.0030,0.93,0.00,1.4425,155.7900,0.0000,-100.00
CAMP_00648	ADV_0184,115,5,0,170.6600,0.0060,4.35,0.00,1.4840,34.1320,0.0000,-100.00
CAMP_00649	ADV_0129,95,1,1,137.4900,4.4445,1.05,100.00,1.4473,137.4900,137.4900,-96.77
CAMP_00650	ADV_0119,95,1,0,156.5800,0.0017,1.05,0.00,1.6482,156.5800,0.0000,-100.00
CAMP_00651	ADV_0101,105,1,0,165.9100,0.0024,0.95,0.00,1.5801,165.9100,0.0000,-100.00
CAMP_00652	ADV_0145,113,5,0,174.4200,0.0090,4.42,0.00,1.5435,34.8840,0.0000,-99.99
CAMP_00653	ADV_0087,109,1,0,153.2200,0.0027,0.92,0.00,1.4057,153.2200,0.0000,-100.00
CAMP_00654	ADV_0140,80,1,1,114.1000,2.8118,1.25,100.00,1.4263,114.1000,114.1000,-97.54
CAMP_00655	ADV_0113,111,1,0,163.7200,0.0014,0.90,0.00,1.4750,163.7200,0.0000,-100.00
CAMP_00656	ADV_0002,112,1,0,156.6700,0.0013,0.89,0.00,1.3988,156.6700,0.0000,-100.00
CAMP_00657	ADV_0035,110,2,0,159.1200,0.0050,1.82,0.00,1.4465,79.5600,0.0000,-100.00
CAMP_00658	ADV_0042,98,1,0,139.5500,0.0018,1.02,0.00,1.4240,139.5500,0.0000,-100.00
CAMP_00659	ADV_0041,109,0,0,156.4400,0.0000,0.00,0.00,1.4352,0.0000,0.0000,-100.00
CAMP_00660	ADV_0169,103,2,0,161.8900,0.0018,1.94,0.00,1.5717,80.9450,0.0000,-100.00
CAMP_00661	ADV_0163,107,0,0,173.4700,0.0000,0.00,0.00,1.6212,0.0000,0.0000,-100.00
CAMP_00662	ADV_0110,94,3,0,143.4200,0.0040,3.19,0.00,1.5257,47.8067,0.0000,-100.00
CAMP_00663	ADV_0192,118,1,1,180.2700,8.9324,0.85,100.00,1.5277,180.2700,180.2700,-95.04
CAMP_00664	ADV_0105,104,1,0,157.4300,0.0011,0.96,0.00,1.5138,157.4300,0.0000,-100.00
CAMP_00665	ADV_0015,118,2,0,177.9900,0.0025,1.69,0.00,1.5084,88.9950,0.0000,-100.00
CAMP_00666	ADV_0129,121,2,0,188.0600,0.0015,1.65,0.00,1.5542,94.0300,0.0000,-100.00
CAMP_00667	ADV_0111,96,0,0,153.2600,0.0000,0.00,0.00,1.5965,0.0000,0.0000,-100.00
CAMP_00668	ADV_0133,115,0,0,186.6600,0.0000,0.00,0.00,1.6231,0.0000,0.0000,-100.00
CAMP_00669	ADV_0095,125,3,0,181.4700,0.0036,2.40,0.00,1.4518,60.4900,0.0000,-100.00
CAMP_00670	ADV_0144,108,2,1,161.2100,19.2888,1.85,50.00,1.4927,80.6050,161.2100,-88.03
CAMP_00671	ADV_0092,98,2,0,134.9800,0.0026,2.04,0.00,1.3773,67.4900,0.0000,-100.00
CAMP_00672	ADV_0129,92,2,1,138.5800,2.5807,2.17,50.00,1.5063,69.2900,138.5800,-98.14
CAMP_00673	ADV_0143,118,1,0,189.6000,0.0016,0.85,0.00,1.6068,189.6000,0.0000,-100.00
CAMP_00674	ADV_0076,87,2,0,134.9100,0.0023,2.30,0.00,1.5507,67.4550,0.0000,-100.00
CAMP_00675	ADV_0098,94,2,0,147.0800,0.0030,2.13,0.00,1.5647,73.5400,0.0000,-100.00
CAMP_00676	ADV_0180,92,0,0,125.0900,0.0000,0.00,0.00,1.3597,0.0000,0.0000,-100.00
CAMP_00677	ADV_0082,85,2,0,139.4300,0.0037,2.35,0.00,1.6404,69.7150,0.0000,-100.00
CAMP_00678	ADV_0057,96,2,0,134.5300,0.0020,2.08,0.00,1.4014,67.2650,0.0000,-100.00
CAMP_00679	ADV_0136,103,1,1,151.9000,2.4352,0.97,100.00,1.4748,151.9000,151.9000,-98.40
CAMP_00680	ADV_0194,99,1,0,153.7200,0.0027,1.01,0.00,1.5527,153.7200,0.0000,-100.00
CAMP_00681	ADV_0038,90,2,0,130.0800,0.0039,2.22,0.00,1.4453,65.0400,0.0000,-100.00
CAMP_00682	ADV_0011,102,0,0,154.0800,0.0000,0.00,0.00,1.5106,0.0000,0.0000,-100.00
CAMP_00683	ADV_0058,108,1,0,148.5200,0.0007,0.93,0.00,1.3752,148.5200,0.0000,-100.00
CAMP_00684	ADV_0038,102,1,0,149.6100,0.0007,0.98,0.00,1.4668,149.6100,0.0000,-100.00
CAMP_00685	ADV_0063,131,1,0,190.1600,0.0011,0.76,0.00,1.4516,190.1600,0.0000,-100.00
CAMP_00686	ADV_0131,107,1,0,156.9300,0.0019,0.93,0.00,1.4666,156.9300,0.0000,-100.00
CAMP_00687	ADV_0190,110,0,0,164.1100,0.0000,0.00,0.00,1.4919,0.0000,0.0000,-100.00
CAMP_00688	ADV_0035,106,3,0,142.8700,0.0060,2.83,0.00,1.3478,47.6233,0.0000,-100.00
CAMP_00689	ADV_0010,116,2,0,171.8000,0.0031,1.72,0.00,1.4810,85.9000,0.0000,-100.00
CAMP_00690	ADV_0095,89,1,0,131.6600,0.0011,1.12,0.00,1.4793,131.6600,0.0000,-100.00
CAMP_00691	ADV_0043,103,2,0,146.7000,0.0044,1.94,0.00,1.4243,73.3500,0.0000,-100.00
CAMP_00692	ADV_0038,80,0,0,117.1900,0.0000,0.00,0.00,1.4649,0.0000,0.0000,-100.00
CAMP_00693	ADV_0130,101,4,0,142.5200,0.0052,3.96,0.00,1.4111,35.6300,0.0000,-100.00
CAMP_00694	ADV_0052,105,1,0,175.1800,0.0010,0.95,0.00,1.6684,175.1800,0.0000,-100.00
CAMP_00695	ADV_0081,103,2,0,154.5800,0.0040,1.94,0.00,1.5008,77.2900,0.0000,-100.00
CAMP_00696	ADV_0016,109,1,0,157.6000,0.0007,0.92,0.00,1.4459,157.6000,0.0000,-100.00
CAMP_00697	ADV_0149,107,0,0,166.7300,0.0000,0.00,0.00,1.5582,0.0000,0.0000,-100.00
CAMP_00698	ADV_0128,106,2,0,147.4900,0.0018,1.89,0.00,1.3914,73.7450,0.0000,-100.00
CAMP_00699	ADV_0106,100,1,1,146.3200,4.9618,1.00,100.00,1.4632,146.3200,146.3200,-96.61
CAMP_00700	ADV_0166,86,0,0,124.1200,0.0000,0.00,0.00,1.4433,0.0000,0.0000,-100.00
CAMP_00701	ADV_0047,114,0,0,176.9600,0.0000,0.00,0.00,1.5523,0.0000,0.0000,-100.00
CAMP_00702	ADV_0010,91,2,0,122.7500,0.0019,2.20,0.00,1.3489,61.3750,0.0000,-100.00
CAMP_00703	ADV_0081,92,2,0,129.8200,0.0044,2.17,0.00,1.4111,64.9100,0.0000,-100.00
CAMP_00704	ADV_0095,96,1,0,139.7500,0.0017,1.04,0.00,1.4557,139.7500,0.0000,-100.00
CAMP_00705	ADV_0072,101,1,0,152.6500,0.0009,0.99,0.00,1.5114,152.6500,0.0000,-100.00
CAMP_00706	ADV_0026,103,1,1,158.8700,5.6537,0.97,100.00,1.5424,158.8700,158.8700,-96.44
CAMP_00707	ADV_0139,114,4,0,158.2400,0.0068,3.51,0.00,1.3881,39.5600,0.0000,-100.00
CAMP_00708	ADV_0181,91,2,0,134.9300,0.0028,2.20,0.00,1.4827,67.4650,0.0000,-100.00
CAMP_00709	ADV_0141,112,2,1,176.0100,1.3572,1.79,50.00,1.5715,88.0050,176.0100,-99.23
CAMP_00710	ADV_0070,104,0,0,154.2200,0.0000,0.00,0.00,1.4829,0.0000,0.0000,-100.00
CAMP_00711	ADV_0180,99,0,0,157.5200,0.0000,0.00,0.00,1.5911,0.0000,0.0000,-100.00
CAMP_00712	ADV_0079,88,0,0,141.6200,0.0000,0.00,0.00,1.6093,0.0000,0.0000,-100.00
CAMP_00713	ADV_0185,93,1,0,136.4100,0.0014,1.08,0.00,1.4668,136.4100,0.0000,-100.00
CAMP_00714	ADV_0099,98,3,0,153.4700,0.0048,3.06,0.00,1.5660,51.1567,0.0000,-100.00
CAMP_00715	ADV_0110,101,1,0,145.0200,0.0007,0.99,0.00,1.4358,145.0200,0.0000,-100.00
CAMP_00716	ADV_0090,96,4,0,148.2600,0.0050,4.17,0.00,1.5444,37.0650,0.0000,-100.00
CAMP_00717	ADV_0049,103,1,0,149.7600,0.0020,0.97,0.00,1.4540,149.7600,0.0000,-100.00
CAMP_00718	ADV_0155,105,2,0,157.4900,0.0029,1.90,0.00,1.4999,78.7450,0.0000,-100.00
CAMP_00719	ADV_0067,111,0,0,153.0800,0.0000,0.00,0.00,1.3791,0.0000,0.0000,-100.00
CAMP_00720	ADV_0078,86,0,0,135.3000,0.0000,0.00,0.00,1.5733,0.0000,0.0000,-100.00
CAMP_00721	ADV_0169,94,0,0,130.5500,0.0000,0.00,0.00,1.3888,0.0000,0.0000,-100.00
CAMP_00722	ADV_0005,104,1,0,175.6400,0.0011,0.96,0.00,1.6888,175.6400,0.0000,-100.00
CAMP_00723	ADV_0196,102,0,0,152.7800,0.0000,0.00,0.00,1.4978,0.0000,0.0000,-100.00
CAMP_00724	ADV_0115,99,4,0,135.7300,0.0043,4.04,0.00,1.3710,33.9325,0.0000,-100.00
CAMP_00725	ADV_0157,119,3,0,167.8400,0.0031,2.52,0.00,1.4104,55.9467,0.0000,-100.00
CAMP_00726	ADV_0002,112,0,0,164.2900,0.0000,0.00,0.00,1.4669,0.0000,0.0000,-100.00
CAMP_00727	ADV_0036,95,4,0,149.7800,0.0065,4.21,0.00,1.5766,37.4450,0.0000,-100.00
CAMP_00728	ADV_0027,89,1,0,135.2200,0.0012,1.12,0.00,1.5193,135.2200,0.0000,-100.00
CAMP_00729	ADV_0184,96,1,0,150.7000,0.0017,1.04,0.00,1.5698,150.7000,0.0000,-100.00
CAMP_00730	ADV_0008,118,2,0,173.4700,0.0025,1.69,0.00,1.4701,86.7350,0.0000,-100.00
CAMP_00731	ADV_0017,73,3,0,104.3800,0.0070,4.11,0.00,1.4299,34.7933,0.0000,-99.99
CAMP_00732	ADV_0078,110,1,0,179.7600,0.0021,0.91,0.00,1.6342,179.7600,0.0000,-100.00
CAMP_00733	ADV_0156,118,4,0,172.5900,0.0070,3.39,0.00,1.4626,43.1475,0.0000,-100.00
CAMP_00734	ADV_0096,93,1,0,136.3100,0.0012,1.08,0.00,1.4657,136.3100,0.0000,-100.00
CAMP_00735	ADV_0038,111,3,0,160.4800,0.0062,2.70,0.00,1.4458,53.4933,0.0000,-100.00
CAMP_00736	ADV_0099,96,0,0,133.4400,0.0000,0.00,0.00,1.3900,0.0000,0.0000,-100.00
CAMP_00737	ADV_0151,110,2,0,155.4900,0.0025,1.82,0.00,1.4135,77.7450,0.0000,-100.00
CAMP_00738	ADV_0189,97,2,0,155.9300,0.0026,2.06,0.00,1.6075,77.9650,0.0000,-100.00
CAMP_00739	ADV_0039,101,1,0,158.2800,0.0020,0.99,0.00,1.5671,158.2800,0.0000,-100.00
CAMP_00740	ADV_0060,91,3,0,132.0500,0.0039,3.30,0.00,1.4511,44.0167,0.0000,-100.00
CAMP_00741	ADV_0040,117,0,0,163.0300,0.0000,0.00,0.00,1.3934,0.0000,0.0000,-100.00
CAMP_00742	ADV_0198,102,4,0,133.2900,0.0034,3.92,0.00,1.3068,33.3225,0.0000,-100.00
CAMP_00743	ADV_0015,97,0,0,134.8000,0.0000,0.00,0.00,1.3897,0.0000,0.0000,-100.00
CAMP_00744	ADV_0061,111,3,0,168.3500,0.0039,2.70,0.00,1.5167,56.1167,0.0000,-100.00
CAMP_00745	ADV_0117,88,3,0,136.6900,0.0028,3.41,0.00,1.5533,45.5633,0.0000,-100.00
CAMP_00746	ADV_0171,111,0,0,161.6500,0.0000,0.00,0.00,1.4563,0.0000,0.0000,-100.00
CAMP_00747	ADV_0096,103,3,1,142.1300,2.8029,2.91,33.33,1.3799,47.3767,142.1300,-98.03
CAMP_00748	ADV_0151,93,1,0,133.5100,0.0006,1.08,0.00,1.4356,133.5100,0.0000,-100.00
CAMP_00749	ADV_0084,108,1,0,158.7600,0.0015,0.93,0.00,1.4700,158.7600,0.0000,-100.00
CAMP_00750	ADV_0147,97,0,0,134.3000,0.0000,0.00,0.00,1.3845,0.0000,0.0000,-100.00
CAMP_00751	ADV_0107,108,2,0,162.6000,0.0053,1.85,0.00,1.5056,81.3000,0.0000,-100.00
CAMP_00752	ADV_0029,104,2,0,153.3900,0.0040,1.92,0.00,1.4749,76.6950,0.0000,-100.00
CAMP_00753	ADV_0144,103,3,0,138.0800,0.0068,2.91,0.00,1.3406,46.0267,0.0000,-100.00
CAMP_00754	ADV_0195,110,3,0,166.0000,0.0054,2.73,0.00,1.5091,55.3333,0.0000,-100.00
CAMP_00755	ADV_0003,120,2,0,172.9000,0.0040,1.67,0.00,1.4408,86.4500,0.0000,-100.00
CAMP_00756	ADV_0060,97,1,0,148.9900,0.0014,1.03,0.00,1.5360,148.9900,0.0000,-100.00
CAMP_00757	ADV_0196,99,1,0,154.2100,0.0029,1.01,0.00,1.5577,154.2100,0.0000,-100.00
CAMP_00758	ADV_0046,103,1,0,138.8900,0.0009,0.97,0.00,1.3484,138.8900,0.0000,-100.00
CAMP_00759	ADV_0081,107,1,0,144.3700,0.0011,0.93,0.00,1.3493,144.3700,0.0000,-100.00
CAMP_00760	ADV_0049,96,1,0,135.4300,0.0015,1.04,0.00,1.4107,135.4300,0.0000,-100.00
CAMP_00761	ADV_0076,82,1,0,119.3200,0.0012,1.22,0.00,1.4551,119.3200,0.0000,-100.00
CAMP_00762	ADV_0134,95,2,0,145.6100,0.0049,2.11,0.00,1.5327,72.8050,0.0000,-100.00
CAMP_00763	ADV_0040,112,2,1,158.9000,2.7962,1.79,50.00,1.4188,79.4500,158.9000,-98.24
CAMP_00764	ADV_0139,113,0,0,170.6000,0.0000,0.00,0.00,1.5097,0.0000,0.0000,-100.00
CAMP_00765	ADV_0162,81,3,0,123.9500,0.0039,3.70,0.00,1.5302,41.3167,0.0000,-100.00
CAMP_00766	ADV_0012,101,0,0,140.2800,0.0000,0.00,0.00,1.3889,0.0000,0.0000,-100.00
CAMP_00767	ADV_0001,108,2,0,160.5500,0.0033,1.85,0.00,1.4866,80.2750,0.0000,-100.00
CAMP_00768	ADV_0130,104,2,0,161.3900,0.0015,1.92,0.00,1.5518,80.6950,0.0000,-100.00
CAMP_00769	ADV_0091,89,1,0,145.7000,0.0011,1.12,0.00,1.6371,145.7000,0.0000,-100.00
CAMP_00770	ADV_0169,100,1,0,141.5100,0.0011,1.00,0.00,1.4151,141.5100,0.0000,-100.00
CAMP_00771	ADV_0023,87,1,0,132.5900,0.0010,1.15,0.00,1.5240,132.5900,0.0000,-100.00
CAMP_00772	ADV_0178,97,0,0,140.9600,0.0000,0.00,0.00,1.4532,0.0000,0.0000,-100.00
CAMP_00773	ADV_0138,106,4,1,162.5600,10.5557,3.77,25.00,1.5336,40.6400,162.5600,-93.51
CAMP_00774	ADV_0011,105,1,0,174.3000,0.0015,0.95,0.00,1.6600,174.3000,0.0000,-100.00
CAMP_00775	ADV_0156,131,2,1,196.2700,5.0069,1.53,50.00,1.4982,98.1350,196.2700,-97.45
CAMP_00776	ADV_0030,113,1,0,166.8100,0.0019,0.88,0.00,1.4762,166.8100,0.0000,-100.00
CAMP_00777	ADV_0188,99,1,0,148.7200,0.0014,1.01,0.00,1.5022,148.7200,0.0000,-100.00
CAMP_00778	ADV_0071,90,2,0,135.2600,0.0044,2.22,0.00,1.5029,67.6300,0.0000,-100.00
CAMP_00779	ADV_0179,86,2,0,115.8600,0.0034,2.33,0.00,1.3472,57.9300,0.0000,-100.00
CAMP_00780	ADV_0195,118,2,0,187.3500,0.0027,1.69,0.00,1.5877,93.6750,0.0000,-100.00
CAMP_00781	ADV_0039,107,1,1,150.8700,2.8420,0.93,100.00,1.4100,150.8700,150.8700,-98.12
CAMP_00782	ADV_0057,106,3,1,158.5600,6.2578,2.83,33.33,1.4958,52.8533,158.5600,-96.05
CAMP_00783	ADV_0004,101,2,0,150.3100,0.0021,1.98,0.00,1.4882,75.1550,0.0000,-100.00
CAMP_00784	ADV_0067,103,2,1,144.7000,3.3234,1.94,50.00,1.4049,72.3500,144.7000,-97.70
CAMP_00785	ADV_0072,101,2,1,160.4700,7.8675,1.98,50.00,1.5888,80.2350,160.4700,-95.10
CAMP_00786	ADV_0100,98,1,0,148.2700,0.0040,1.02,0.00,1.5130,148.2700,0.0000,-100.00
CAMP_00787	ADV_0042,107,1,0,171.8800,0.0009,0.93,0.00,1.6064,171.8800,0.0000,-100.00
CAMP_00788	ADV_0114,103,0,0,151.3000,0.0000,0.00,0.00,1.4689,0.0000,0.0000,-100.00
CAMP_00789	ADV_0141,104,0,0,145.9200,0.0000,0.00,0.00,1.4031,0.0000,0.0000,-100.00
CAMP_00790	ADV_0192,102,1,0,157.2500,0.0009,0.98,0.00,1.5417,157.2500,0.0000,-100.00
CAMP_00791	ADV_0116,108,3,0,160.4500,0.0052,2.78,0.00,1.4856,53.4833,0.0000,-100.00
CAMP_00792	ADV_0135,105,3,0,150.7100,0.0065,2.86,0.00,1.4353,50.2367,0.0000,-100.00
CAMP_00793	ADV_0041,92,4,0,131.0000,0.0069,4.35,0.00,1.4239,32.7500,0.0000,-99.99
CAMP_00794	ADV_0062,97,2,0,143.3500,0.0030,2.06,0.00,1.4778,71.6750,0.0000,-100.00
CAMP_00795	ADV_0078,117,3,1,185.0100,2.2567,2.56,33.33,1.5813,61.6700,185.0100,-98.78
CAMP_00796	ADV_0016,114,1,0,177.4400,0.0014,0.88,0.00,1.5565,177.4400,0.0000,-100.00
CAMP_00797	ADV_0064,105,1,0,167.7500,0.0027,0.95,0.00,1.5976,167.7500,0.0000,-100.00
CAMP_00798	ADV_0016,88,5,0,131.7000,0.0070,5.68,0.00,1.4966,26.3400,0.0000,-99.99
CAMP_00799	ADV_0158,88,1,0,141.6900,0.0019,1.14,0.00,1.6101,141.6900,0.0000,-100.00
CAMP_00800	ADV_0128,113,3,0,176.3200,0.0028,2.65,0.00,1.5604,58.7733,0.0000,-100.00
CAMP_00801	ADV_0088,108,1,0,147.3300,0.0021,0.93,0.00,1.3642,147.3300,0.0000,-100.00
CAMP_00802	ADV_0014,99,3,0,143.3800,0.0035,3.03,0.00,1.4483,47.7933,0.0000,-100.00
CAMP_00803	ADV_0197,102,1,0,157.9700,0.0018,0.98,0.00,1.5487,157.9700,0.0000,-100.00
CAMP_00804	ADV_0015,92,1,0,136.7300,0.0008,1.09,0.00,1.4862,136.7300,0.0000,-100.00
CAMP_00805	ADV_0154,102,2,0,139.0700,0.0028,1.96,0.00,1.3634,69.5350,0.0000,-100.00
CAMP_00806	ADV_0110,94,1,0,134.8500,0.0022,1.06,0.00,1.4346,134.8500,0.0000,-100.00
CAMP_00807	ADV_0116,98,3,0,144.9100,0.0034,3.06,0.00,1.4787,48.3033,0.0000,-100.00
CAMP_00808	ADV_0140,89,0,0,132.2000,0.0000,0.00,0.00,1.4854,0.0000,0.0000,-100.00
CAMP_00809	ADV_0180,94,3,1,145.4900,5.6517,3.19,33.33,1.5478,48.4967,145.4900,-96.12
CAMP_00810	ADV_0012,102,1,0,155.3900,0.0018,0.98,0.00,1.5234,155.3900,0.0000,-100.00
CAMP_00811	ADV_0102,99,2,0,135.2400,0.0018,2.02,0.00,1.3661,67.6200,0.0000,-100.00
CAMP_00812	ADV_0015,110,3,1,175.0100,1.8738,2.73,33.33,1.5910,58.3367,175.0100,-98.93
CAMP_00813	ADV_0181,96,1,0,151.2400,0.0018,1.04,0.00,1.5754,151.2400,0.0000,-100.00
CAMP_00814	ADV_0072,99,0,0,142.5500,0.0000,0.00,0.00,1.4399,0.0000,0.0000,-100.00
CAMP_00815	ADV_0044,100,2,0,151.0200,0.0027,2.00,0.00,1.5102,75.5100,0.0000,-100.00
CAMP_00816	ADV_0043,104,1,0,154.7300,0.0012,0.96,0.00,1.4878,154.7300,0.0000,-100.00
CAMP_00817	ADV_0089,102,2,0,146.9900,0.0022,1.96,0.00,1.4411,73.4950,0.0000,-100.00
CAMP_00818	ADV_0143,81,2,0,121.2800,0.0016,2.47,0.00,1.4973,60.6400,0.0000,-100.00
CAMP_00819	ADV_0054,107,4,0,151.3300,0.0078,3.74,0.00,1.4143,37.8325,0.0000,-99.99
CAMP_00820	ADV_0129,92,1,0,138.5100,0.0037,1.09,0.00,1.5055,138.5100,0.0000,-100.00
CAMP_00821	ADV_0020,112,1,0,168.3200,0.0008,0.89,0.00,1.5029,168.3200,0.0000,-100.00
CAMP_00822	ADV_0001,104,1,0,149.0700,0.0020,0.96,0.00,1.4334,149.0700,0.0000,-100.00
CAMP_00823	ADV_0006,97,3,0,141.4400,0.0030,3.09,0.00,1.4581,47.1467,0.0000,-100.00
CAMP_00824	ADV_0190,107,0,0,148.4500,0.0000,0.00,0.00,1.3874,0.0000,0.0000,-100.00
CAMP_00825	ADV_0106,102,1,0,147.4100,0.0018,0.98,0.00,1.4452,147.4100,0.0000,-100.00
CAMP_00826	ADV_0180,114,4,0,182.4000,0.0056,3.51,0.00,1.6000,45.6000,0.0000,-100.00
CAMP_00827	ADV_0175,104,1,0,165.5800,0.0020,0.96,0.00,1.5921,165.5800,0.0000,-100.00
CAMP_00828	ADV_0172,102,1,0,165.5300,0.0009,0.98,0.00,1.6228,165.5300,0.0000,-100.00
CAMP_00829	ADV_0002,97,1,0,140.5500,0.0020,1.03,0.00,1.4490,140.5500,0.0000,-100.00
CAMP_00830	ADV_0166,98,1,0,136.7600,0.0016,1.02,0.00,1.3955,136.7600,0.0000,-100.00
CAMP_00831	ADV_0003,86,3,0,140.0100,0.0041,3.49,0.00,1.6280,46.6700,0.0000,-100.00
CAMP_00832	ADV_0110,78,2,1,113.4100,12.3612,2.56,50.00,1.4540,56.7050,113.4100,-89.10
CAMP_00833	ADV_0126,127,2,0,188.4300,0.0023,1.57,0.00,1.4837,94.2150,0.0000,-100.00
CAMP_00834	ADV_0177,111,5,0,163.3500,0.0057,4.50,0.00,1.4716,32.6700,0.0000,-100.00
CAMP_00835	ADV_0004,83,1,0,129.2000,0.0007,1.20,0.00,1.5566,129.2000,0.0000,-100.00
CAMP_00836	ADV_0173,102,2,0,157.5600,0.0023,1.96,0.00,1.5447,78.7800,0.0000,-100.00
CAMP_00837	ADV_0042,108,2,0,155.9100,0.0022,1.85,0.00,1.4436,77.9550,0.0000,-100.00
CAMP_00838	ADV_0054,118,1,0,183.5000,0.0020,0.85,0.00,1.5551,183.5000,0.0000,-100.00
CAMP_00839	ADV_0060,108,3,0,150.4600,0.0026,2.78,0.00,1.3931,50.1533,0.0000,-100.00
CAMP_00840	ADV_0105,88,2,0,131.6300,0.0024,2.27,0.00,1.4958,65.8150,0.0000,-100.00
CAMP_00841	ADV_0118,118,1,0,166.8200,0.0013,0.85,0.00,1.4137,166.8200,0.0000,-100.00
CAMP_00842	ADV_0188,94,1,0,156.7700,0.0010,1.06,0.00,1.6678,156.7700,0.0000,-100.00
CAMP_00843	ADV_0084,74,1,0,106.8700,0.0013,1.35,0.00,1.4442,106.8700,0.0000,-100.00
CAMP_00844	ADV_0066,122,2,0,192.8100,0.0041,1.64,0.00,1.5804,96.4050,0.0000,-100.00
CAMP_00845	ADV_0174,101,3,0,151.4100,0.0061,2.97,0.00,1.4991,50.4700,0.0000,-100.00
CAMP_00846	ADV_0124,86,4,0,129.4900,0.0054,4.65,0.00,1.5057,32.3725,0.0000,-100.00
CAMP_00847	ADV_0001,97,2,0,156.4100,0.0018,2.06,0.00,1.6125,78.2050,0.0000,-100.00
CAMP_00848	ADV_0157,102,1,0,146.7400,0.0006,0.98,0.00,1.4386,146.7400,0.0000,-100.00
CAMP_00849	ADV_0180,89,1,0,124.9900,0.0026,1.12,0.00,1.4044,124.9900,0.0000,-100.00
CAMP_00850	ADV_0102,90,1,0,134.1300,0.0010,1.11,0.00,1.4903,134.1300,0.0000,-100.00
CAMP_00851	ADV_0016,104,1,0,157.7400,0.0020,0.96,0.00,1.5167,157.7400,0.0000,-100.00
CAMP_00852	ADV_0087,101,1,0,152.6200,0.0022,0.99,0.00,1.5111,152.6200,0.0000,-100.00
CAMP_00853	ADV_0180,98,3,0,146.7800,0.0044,3.06,0.00,1.4978,48.9267,0.0000,-100.00
CAMP_00854	ADV_0024,107,1,0,166.2100,0.0009,0.93,0.00,1.5534,166.2100,0.0000,-100.00
CAMP_00855	ADV_0132,94,2,0,137.8000,0.0046,2.13,0.00,1.4660,68.9000,0.0000,-100.00
CAMP_00856	ADV_0089,92,1,0,150.3400,0.0024,1.09,0.00,1.6341,150.3400,0.0000,-100.00
CAMP_00857	ADV_0038,99,3,0,158.4700,0.0046,3.03,0.00,1.6007,52.8233,0.0000,-100.00
CAMP_00858	ADV_0004,83,1,0,121.3300,0.0037,1.20,0.00,1.4618,121.3300,0.0000,-100.00
CAMP_00859	ADV_0145,86,1,0,134.2900,0.0016,1.16,0.00,1.5615,134.2900,0.0000,-100.00
CAMP_00860	ADV_0009,95,0,0,146.8300,0.0000,0.00,0.00,1.5456,0.0000,0.0000,-100.00
CAMP_00861	ADV_0124,93,2,0,147.1100,0.0056,2.15,0.00,1.5818,73.5550,0.0000,-100.00
CAMP_00862	ADV_0046,84,1,0,128.5800,0.0021,1.19,0.00,1.5307,128.5800,0.0000,-100.00
CAMP_00863	ADV_0077,92,3,0,139.2500,0.0027,3.26,0.00,1.5136,46.4167,0.0000,-100.00
CAMP_00864	ADV_0163,107,1,1,171.2200,2.7043,0.93,100.00,1.6002,171.2200,171.2200,-98.42
CAMP_00865	ADV_0016,98,0,0,148.3100,0.0000,0.00,0.00,1.5134,0.0000,0.0000,-100.00
CAMP_00866	ADV_0023,97,2,0,153.9400,0.0037,2.06,0.00,1.5870,76.9700,0.0000,-100.00
CAMP_00867	ADV_0140,108,1,0,157.9000,0.0019,0.93,0.00,1.4620,157.9000,0.0000,-100.00
CAMP_00868	ADV_0144,85,1,0,112.9200,0.0009,1.18,0.00,1.3285,112.9200,0.0000,-100.00
CAMP_00869	ADV_0032,93,2,0,153.7100,0.0052,2.15,0.00,1.6528,76.8550,0.0000,-100.00
CAMP_00870	ADV_0140,111,1,0,163.3700,0.0015,0.90,0.00,1.4718,163.3700,0.0000,-100.00
CAMP_00871	ADV_0091,94,2,0,143.9300,0.0052,2.13,0.00,1.5312,71.9650,0.0000,-100.00
CAMP_00872	ADV_0017,101,0,0,140.7400,0.0000,0.00,0.00,1.3935,0.0000,0.0000,-100.00
CAMP_00873	ADV_0047,103,2,0,146.2200,0.0029,1.94,0.00,1.4196,73.1100,0.0000,-100.00
CAMP_00874	ADV_0176,113,2,0,163.3900,0.0049,1.77,0.00,1.4459,81.6950,0.0000,-100.00
CAMP_00875	ADV_0114,106,1,0,168.1900,0.0026,0.94,0.00,1.5867,168.1900,0.0000,-100.00
CAMP_00876	ADV_0172,97,3,0,146.4600,0.0041,3.09,0.00,1.5099,48.8200,0.0000,-100.00
CAMP_00877	ADV_0173,89,1,0,130.3000,0.0019,1.12,0.00,1.4640,130.3000,0.0000,-100.00
CAMP_00878	ADV_0181,94,0,0,155.2900,0.0000,0.00,0.00,1.6520,0.0000,0.0000,-100.00
CAMP_00879	ADV_0051,99,1,0,147.6100,0.0012,1.01,0.00,1.4910,147.6100,0.0000,-100.00
CAMP_00880	ADV_0178,96,3,0,137.3000,0.0086,3.13,0.00,1.4302,45.7667,0.0000,-99.99
CAMP_00881	ADV_0179,117,2,0,175.1600,0.0029,1.71,0.00,1.4971,87.5800,0.0000,-100.00
CAMP_00882	ADV_0042,102,2,0,155.6500,0.0036,1.96,0.00,1.5260,77.8250,0.0000,-100.00
CAMP_00883	ADV_0150,86,1,0,132.7400,0.0028,1.16,0.00,1.5435,132.7400,0.0000,-100.00
CAMP_00884	ADV_0065,87,3,0,124.9900,0.0057,3.45,0.00,1.4367,41.6633,0.0000,-100.00
CAMP_00885	ADV_0007,101,0,0,142.6500,0.0000,0.00,0.00,1.4124,0.0000,0.0000,-100.00
CAMP_00886	ADV_0163,117,2,0,185.9300,0.0026,1.71,0.00,1.5891,92.9650,0.0000,-100.00
CAMP_00887	ADV_0185,86,1,0,128.1200,0.0028,1.16,0.00,1.4898,128.1200,0.0000,-100.00
CAMP_00888	ADV_0177,119,7,0,182.7600,0.0088,5.88,0.00,1.5358,26.1086,0.0000,-100.00
CAMP_00889	ADV_0145,100,0,0,155.0900,0.0000,0.00,0.00,1.5509,0.0000,0.0000,-100.00
CAMP_00890	ADV_0163,110,2,0,172.1800,0.0038,1.82,0.00,1.5653,86.0900,0.0000,-100.00
CAMP_00891	ADV_0063,88,2,0,115.1100,0.0034,2.27,0.00,1.3081,57.5550,0.0000,-100.00
CAMP_00892	ADV_0193,97,1,0,147.3500,0.0013,1.03,0.00,1.5191,147.3500,0.0000,-100.00
CAMP_00893	ADV_0054,110,0,0,159.4800,0.0000,0.00,0.00,1.4498,0.0000,0.0000,-100.00
CAMP_00894	ADV_0044,99,2,0,136.7400,0.0034,2.02,0.00,1.3812,68.3700,0.0000,-100.00
CAMP_00895	ADV_0172,112,2,0,181.2800,0.0028,1.79,0.00,1.6186,90.6400,0.0000,-100.00
CAMP_00896	ADV_0181,101,2,0,149.7300,0.0039,1.98,0.00,1.4825,74.8650,0.0000,-100.00
CAMP_00897	ADV_0181,106,1,0,174.8300,0.0043,0.94,0.00,1.6493,174.8300,0.0000,-100.00
CAMP_00898	ADV_0136,95,1,0,137.4800,0.0020,1.05,0.00,1.4472,137.4800,0.0000,-100.00
CAMP_00899	ADV_0042,97,4,0,142.6100,0.0079,4.12,0.00,1.4702,35.6525,0.0000,-99.99
CAMP_00900	ADV_0161,92,2,1,141.2300,6.9733,2.17,50.00,1.5351,70.6150,141.2300,-95.06
CAMP_00901	ADV_0019,114,1,0,171.9000,0.0020,0.88,0.00,1.5079,171.9000,0.0000,-100.00
CAMP_00902	ADV_0198,85,6,0,130.1100,0.0067,7.06,0.00,1.5307,21.6850,0.0000,-99.99
CAMP_00903	ADV_0174,100,1,0,157.2500,0.0011,1.00,0.00,1.5725,157.2500,0.0000,-100.00
CAMP_00904	ADV_0157,113,0,0,168.5400,0.0000,0.00,0.00,1.4915,0.0000,0.0000,-100.00
CAMP_00905	ADV_0066,107,2,1,151.6700,6.5305,1.87,50.00,1.4175,75.8350,151.6700,-95.69
CAMP_00906	ADV_0150,101,3,0,150.3300,0.0032,2.97,0.00,1.4884,50.1100,0.0000,-100.00
CAMP_00907	ADV_0042,93,1,0,149.9400,0.0016,1.08,0.00,1.6123,149.9400,0.0000,-100.00
CAMP_00908	ADV_0142,92,0,0,127.9300,0.0000,0.00,0.00,1.3905,0.0000,0.0000,-100.00
CAMP_00909	ADV_0051,96,1,0,138.9500,0.0019,1.04,0.00,1.4474,138.9500,0.0000,-100.00
CAMP_00910	ADV_0135,110,1,1,169.6900,2.4901,0.91,100.00,1.5426,169.6900,169.6900,-98.53
CAMP_00911	ADV_0129,93,2,1,131.5600,3.3834,2.15,50.00,1.4146,65.7800,131.5600,-97.43
CAMP_00912	ADV_0195,104,2,0,164.7100,0.0028,1.92,0.00,1.5837,82.3550,0.0000,-100.00
CAMP_00913	ADV_0187,88,1,0,144.3900,0.0009,1.14,0.00,1.6408,144.3900,0.0000,-100.00
CAMP_00914	ADV_0190,97,3,1,147.7900,7.5164,3.09,33.33,1.5236,49.2633,147.7900,-94.91
CAMP_00915	ADV_0140,86,2,1,132.5700,12.0360,2.33,50.00,1.5415,66.2850,132.5700,-90.92
CAMP_00916	ADV_0164,93,1,0,151.1000,0.0014,1.08,0.00,1.6247,151.1000,0.0000,-100.00
CAMP_00917	ADV_0028,98,3,0,145.5000,0.0046,3.06,0.00,1.4847,48.5000,0.0000,-100.00
CAMP_00918	ADV_0078,95,1,0,143.4600,0.0018,1.05,0.00,1.5101,143.4600,0.0000,-100.00
CAMP_00919	ADV_0001,85,2,0,133.0000,0.0034,2.35,0.00,1.5647,66.5000,0.0000,-100.00
CAMP_00920	ADV_0198,102,2,0,161.6400,0.0044,1.96,0.00,1.5847,80.8200,0.0000,-100.00
CAMP_00921	ADV_0173,100,1,0,166.9700,0.0025,1.00,0.00,1.6697,166.9700,0.0000,-100.00
CAMP_00922	ADV_0171,96,2,1,136.6300,5.5055,2.08,50.00,1.4232,68.3150,136.6300,-95.97
CAMP_00923	ADV_0022,92,0,0,145.6900,0.0000,0.00,0.00,1.5836,0.0000,0.0000,-100.00
CAMP_00924	ADV_0023,99,0,0,142.4300,0.0000,0.00,0.00,1.4387,0.0000,0.0000,-100.00
CAMP_00925	ADV_0116,93,1,0,129.5100,0.0040,1.08,0.00,1.3926,129.5100,0.0000,-100.00
CAMP_00926	ADV_0025,115,4,1,176.4000,12.6230,3.48,25.00,1.5339,44.1000,176.4000,-92.84
CAMP_00927	ADV_0029,106,0,0,157.8800,0.0000,0.00,0.00,1.4894,0.0000,0.0000,-100.00
CAMP_00928	ADV_0145,101,2,0,141.9000,0.0041,1.98,0.00,1.4050,70.9500,0.0000,-100.00
CAMP_00929	ADV_0003,103,4,0,155.2000,0.0047,3.88,0.00,1.5068,38.8000,0.0000,-100.00
CAMP_00930	ADV_0040,92,2,0,143.0300,0.0036,2.17,0.00,1.5547,71.5150,0.0000,-100.00
CAMP_00931	ADV_0187,93,0,0,135.9200,0.0000,0.00,0.00,1.4615,0.0000,0.0000,-100.00
CAMP_00932	ADV_0091,119,3,0,183.6700,0.0084,2.52,0.00,1.5434,61.2233,0.0000,-100.00
CAMP_00933	ADV_0038,80,0,0,121.3800,0.0000,0.00,0.00,1.5173,0.0000,0.0000,-100.00
CAMP_00934	ADV_0061,89,1,0,129.3800,0.0010,1.12,0.00,1.4537,129.3800,0.0000,-100.00
CAMP_00935	ADV_0104,103,2,0,142.3800,0.0022,1.94,0.00,1.3823,71.1900,0.0000,-100.00
CAMP_00936	ADV_0187,106,1,1,157.8800,5.0137,0.94,100.00,1.4894,157.8800,157.8800,-96.82
CAMP_00937	ADV_0032,105,2,0,159.8900,0.0046,1.90,0.00,1.5228,79.9450,0.0000,-100.00
CAMP_00938	ADV_0035,100,1,0,139.4500,0.0023,1.00,0.00,1.3945,139.4500,0.0000,-100.00
CAMP_00939	ADV_0028,107,1,0,170.6600,0.0010,0.93,0.00,1.5950,170.6600,0.0000,-100.00
CAMP_00940	ADV_0181,95,0,0,141.2200,0.0000,0.00,0.00,1.4865,0.0000,0.0000,-100.00
CAMP_00941	ADV_0122,115,1,0,172.6500,0.0011,0.87,0.00,1.5013,172.6500,0.0000,-100.00
CAMP_00942	ADV_0186,116,2,0,177.7400,0.0053,1.72,0.00,1.5322,88.8700,0.0000,-100.00
CAMP_00943	ADV_0025,106,1,0,151.8800,0.0018,0.94,0.00,1.4328,151.8800,0.0000,-100.00
CAMP_00944	ADV_0133,95,1,1,125.9700,1.5031,1.05,100.00,1.3260,125.9700,125.9700,-98.81
CAMP_00945	ADV_0126,90,1,0,143.8200,0.0011,1.11,0.00,1.5980,143.8200,0.0000,-100.00
CAMP_00946	ADV_0124,99,3,0,148.7500,0.0047,3.03,0.00,1.5025,49.5833,0.0000,-100.00
CAMP_00947	ADV_0115,108,2,0,165.1600,0.0026,1.85,0.00,1.5293,82.5800,0.0000,-100.00
CAMP_00948	ADV_0008,101,1,0,154.6600,0.0008,0.99,0.00,1.5313,154.6600,0.0000,-100.00
CAMP_00949	ADV_0176,103,1,0,144.8200,0.0014,0.97,0.00,1.4060,144.8200,0.0000,-100.00
CAMP_00950	ADV_0179,102,0,0,150.3800,0.0000,0.00,0.00,1.4743,0.0000,0.0000,-100.00
CAMP_00951	ADV_0027,100,0,0,163.5400,0.0000,0.00,0.00,1.6354,0.0000,0.0000,-100.00
CAMP_00952	ADV_0191,108,5,0,169.4600,0.0083,4.63,0.00,1.5691,33.8920,0.0000,-100.00
CAMP_00953	ADV_0200,98,2,0,153.9900,0.0040,2.04,0.00,1.5713,76.9950,0.0000,-100.00
CAMP_00954	ADV_0144,102,4,0,141.8300,0.0052,3.92,0.00,1.3905,35.4575,0.0000,-100.00
CAMP_00955	ADV_0003,100,2,0,158.3800,0.0040,2.00,0.00,1.5838,79.1900,0.0000,-100.00
CAMP_00956	ADV_0199,99,0,0,146.6700,0.0000,0.00,0.00,1.4815,0.0000,0.0000,-100.00
CAMP_00957	ADV_0118,81,0,0,112.6300,0.0000,0.00,0.00,1.3905,0.0000,0.0000,-100.00
CAMP_00958	ADV_0094,87,0,0,132.5200,0.0000,0.00,0.00,1.5232,0.0000,0.0000,-100.00
CAMP_00959	ADV_0039,112,2,0,158.8200,0.0028,1.79,0.00,1.4180,79.4100,0.0000,-100.00
CAMP_00960	ADV_0092,95,1,1,153.7100,6.0021,1.05,100.00,1.6180,153.7100,153.7100,-96.10
CAMP_00961	ADV_0026,91,2,0,143.5600,0.0025,2.20,0.00,1.5776,71.7800,0.0000,-100.00
CAMP_00962	ADV_0041,91,0,0,137.1500,0.0000,0.00,0.00,1.5071,0.0000,0.0000,-100.00
CAMP_00963	ADV_0057,100,1,0,142.6800,0.0006,1.00,0.00,1.4268,142.6800,0.0000,-100.00
CAMP_00964	ADV_0069,93,3,0,137.6000,0.0044,3.23,0.00,1.4796,45.8667,0.0000,-100.00
CAMP_00965	ADV_0011,117,2,1,167.9400,2.2107,1.71,50.00,1.4354,83.9700,167.9400,-98.68
CAMP_00966	ADV_0134,119,1,0,182.1900,0.0037,0.84,0.00,1.5310,182.1900,0.0000,-100.00
CAMP_00967	ADV_0029,80,0,0,121.8400,0.0000,0.00,0.00,1.5230,0.0000,0.0000,-100.00
CAMP_00968	ADV_0027,107,2,0,154.5900,0.0044,1.87,0.00,1.4448,77.2950,0.0000,-100.00
CAMP_00969	ADV_0057,109,2,0,179.2300,0.0034,1.83,0.00,1.6443,89.6150,0.0000,-100.00
CAMP_00970	ADV_0081,91,1,0,134.9300,0.0008,1.10,0.00,1.4827,134.9300,0.0000,-100.00
CAMP_00971	ADV_0015,99,2,0,135.1700,0.0014,2.02,0.00,1.3654,67.5850,0.0000,-100.00
CAMP_00972	ADV_0116,102,4,0,149.6800,0.0061,3.92,0.00,1.4675,37.4200,0.0000,-100.00
CAMP_00973	ADV_0196,97,4,1,143.9100,7.5059,4.12,25.00,1.4836,35.9775,143.9100,-94.78
CAMP_00974	ADV_0126,101,3,1,150.2300,6.5155,2.97,33.33,1.4874,50.0767,150.2300,-95.66
CAMP_00975	ADV_0059,90,3,0,130.8900,0.0049,3.33,0.00,1.4543,43.6300,0.0000,-100.00
CAMP_00976	ADV_0195,100,1,0,141.6100,0.0014,1.00,0.00,1.4161,141.6100,0.0000,-100.00
CAMP_00977	ADV_0055,98,0,0,146.4000,0.0000,0.00,0.00,1.4939,0.0000,0.0000,-100.00
CAMP_00978	ADV_0032,109,3,0,158.2900,0.0029,2.75,0.00,1.4522,52.7633,0.0000,-100.00
CAMP_00979	ADV_0198,108,1,1,159.5900,1.5563,0.93,100.00,1.4777,159.5900,159.5900,-99.02
CAMP_00980	ADV_0195,90,0,0,128.8800,0.0000,0.00,0.00,1.4320,0.0000,0.0000,-100.00
CAMP_00981	ADV_0061,104,1,0,144.1500,0.0015,0.96,0.00,1.3861,144.1500,0.0000,-100.00
CAMP_00982	ADV_0009,79,1,0,128.7100,0.0020,1.27,0.00,1.6292,128.7100,0.0000,-100.00
CAMP_00983	ADV_0196,95,1,0,144.5400,0.0023,1.05,0.00,1.5215,144.5400,0.0000,-100.00
CAMP_00984	ADV_0122,113,4,0,172.0800,0.0069,3.54,0.00,1.5228,43.0200,0.0000,-100.00
CAMP_00985	ADV_0099,98,0,0,148.9600,0.0000,0.00,0.00,1.5200,0.0000,0.0000,-100.00
CAMP_00986	ADV_0063,114,0,0,160.8800,0.0000,0.00,0.00,1.4112,0.0000,0.0000,-100.00
CAMP_00987	ADV_0133,89,3,0,136.4300,0.0046,3.37,0.00,1.5329,45.4767,0.0000,-100.00
CAMP_00988	ADV_0033,115,3,0,173.9900,0.0078,2.61,0.00,1.5130,57.9967,0.0000,-100.00
CAMP_00989	ADV_0073,97,2,0,153.6500,0.0039,2.06,0.00,1.5840,76.8250,0.0000,-100.00
CAMP_00990	ADV_0167,101,0,0,157.3400,0.0000,0.00,0.00,1.5578,0.0000,0.0000,-100.00
CAMP_00991	ADV_0009,92,2,0,136.0800,0.0020,2.17,0.00,1.4791,68.0400,0.0000,-100.00
CAMP_00992	ADV_0175,98,2,0,138.1500,0.0023,2.04,0.00,1.4097,69.0750,0.0000,-100.00
CAMP_00993	ADV_0092,117,1,0,173.7000,0.0022,0.85,0.00,1.4846,173.7000,0.0000,-100.00
CAMP_00994	ADV_0009,118,3,0,162.7100,0.0042,2.54,0.00,1.3789,54.2367,0.0000,-100.00
CAMP_00995	ADV_0068,91,1,0,135.2000,0.0006,1.10,0.00,1.4857,135.2000,0.0000,-100.00
CAMP_00996	ADV_0081,89,1,0,140.0500,0.0013,1.12,0.00,1.5736,140.0500,0.0000,-100.00
CAMP_00997	ADV_0104,99,1,0,138.3700,0.0019,1.01,0.00,1.3977,138.3700,0.0000,-100.00
CAMP_00998	ADV_0157,91,0,0,129.1600,0.0000,0.00,0.00,1.4193,0.0000,0.0000,-100.00
CAMP_00999	ADV_0113,106,0,0,164.3300,0.0000,0.00,0.00,1.5503,0.0000,0.0000,-100.00
CAMP_01000	ADV_0014,117,3,0,170.2500,0.0035,2.56,0.00,1.4551,56.7500,0.0000,-100.00
